'HBH':[u'2014-09-22', u'2014-09-23', u'2014-09-25', u'2014-09-26', u'2015-01-27', u'2015-06-10', u'2015-06-11', u'2015-06-12'],
'símafundur':[u'2014-11-04', u'2014-11-07', u'2015-05-21', u'2015-05-21', u'2015-05-21', u'2015-05-21', u'2015-05-26', u'2015-05-26', u'2015-06-05', u'2015-06-05'],
'BN':[u'2014-09-11', u'2014-09-15', u'2014-09-17', u'2014-09-18', u'2014-09-22', u'2014-09-23', u'2014-09-25', u'2014-10-14', u'2014-10-16', u'2014-10-20', u'2014-10-21', u'2014-10-22', u'2014-10-23', u'2014-10-29', u'2014-10-29', u'2014-10-30', u'2014-11-03', u'2014-11-04', u'2014-11-05', u'2014-11-06', u'2014-11-11', u'2014-11-12', u'2014-11-13', u'2014-11-17', u'2014-11-18', u'2014-11-19', u'2014-11-19', u'2014-11-20', u'2014-11-24', u'2014-11-24', u'2014-11-25', u'2014-11-25', u'2014-11-26', u'2014-11-27', u'2014-11-27', u'2014-12-02', u'2014-12-03', u'2014-12-04', u'2014-12-04', u'2014-12-04', u'2014-12-05', u'2014-12-08', u'2014-12-08', u'2014-12-10', u'2015-01-20', u'2015-01-21', u'2015-01-22', u'2015-01-23', u'2015-01-23', u'2015-02-02', u'2015-02-03', u'2015-02-04', u'2015-02-04', u'2015-02-05', u'2015-02-17', u'2015-02-18', u'2015-02-26', u'2015-03-02', u'2015-03-03', u'2015-03-03', u'2015-03-03', u'2015-03-04', u'2015-03-09', u'2015-03-09', u'2015-03-10', u'2015-03-10', u'2015-03-11', u'2015-03-11', u'2015-03-12', u'2015-03-12', u'2015-03-12', u'2015-03-16', u'2015-03-25', u'2015-03-26', u'2015-04-13', u'2015-04-14', u'2015-04-15', u'2015-04-16', u'2015-04-20', u'2015-04-22', u'2015-04-27', u'2015-04-29', u'2015-04-29', u'2015-04-30', u'2015-05-04', u'2015-05-05', u'2015-05-05', u'2015-05-06', u'2015-05-06', u'2015-05-07', u'2015-05-08', u'2015-05-11', u'2015-05-11', u'2015-05-12', u'2015-05-13', u'2015-05-13', u'2015-05-18', u'2015-05-18', u'2015-05-19', u'2015-05-20', u'2015-05-21', u'2015-05-21', u'2015-05-22', u'2015-05-22', u'2015-05-26', u'2015-05-27', u'2015-05-27', u'2015-06-01', u'2015-06-01', u'2015-06-02', u'2015-06-03', u'2015-06-05', u'2015-06-10', u'2015-06-15'],
'BP':[u'2014-09-11', u'2014-09-15', u'2014-09-17', u'2014-09-19', u'2014-09-22', u'2014-09-24', u'2014-09-25', u'2014-09-26', u'2014-10-06', u'2014-10-07', u'2014-10-08', u'2014-10-14', u'2014-10-15', u'2014-10-16', u'2014-10-17', u'2014-10-20', u'2014-10-21', u'2014-10-22', u'2014-10-24', u'2014-10-29', u'2014-10-29', u'2014-11-03', u'2014-11-03', u'2014-11-04', u'2014-11-05', u'2014-11-06', u'2014-11-07', u'2014-11-12', u'2014-11-14', u'2014-11-17', u'2014-11-17', u'2014-11-18', u'2014-11-19', u'2014-11-20', u'2014-11-24', u'2014-11-24', u'2014-11-25', u'2014-11-26', u'2014-11-27', u'2014-11-29', u'2014-12-02', u'2014-12-04', u'2014-12-05', u'2014-12-05', u'2014-12-08', u'2014-12-10', u'2014-12-12', u'2014-12-12', u'2014-12-12', u'2014-12-15', u'2015-01-20', u'2015-01-21', u'2015-01-22', u'2015-01-23', u'2015-01-23', u'2015-01-26', u'2015-01-28', u'2015-02-03', u'2015-02-05', u'2015-02-16', u'2015-02-17', u'2015-02-18', u'2015-02-24', u'2015-02-24', u'2015-02-25', u'2015-02-25', u'2015-02-26', u'2015-03-02', u'2015-03-03', u'2015-03-03', u'2015-03-09', u'2015-03-09', u'2015-03-10', u'2015-03-10', u'2015-03-11', u'2015-03-11', u'2015-03-11', u'2015-03-12', u'2015-03-12', u'2015-03-16', u'2015-03-17', u'2015-03-19', u'2015-03-23', u'2015-03-26', u'2015-04-13', u'2015-04-14', u'2015-04-15', u'2015-04-16', u'2015-04-20', u'2015-04-22', u'2015-04-27', u'2015-04-29', u'2015-04-30', u'2015-05-04', u'2015-05-05', u'2015-05-06', u'2015-05-07', u'2015-05-08', u'2015-05-11', u'2015-05-12', u'2015-05-13', u'2015-05-18', u'2015-05-18', u'2015-05-19', u'2015-05-20', u'2015-05-20', u'2015-05-21', u'2015-05-26', u'2015-05-26', u'2015-05-27', u'2015-05-27', u'2015-05-29', u'2015-06-02', u'2015-06-03', u'2015-06-05', u'2015-06-10', u'2015-06-15'],
'SII':[u'2014-09-10', u'2014-09-15', u'2014-09-17', u'2014-09-22', u'2014-09-24', u'2014-10-06', u'2014-10-08', u'2014-10-09', u'2014-10-15', u'2014-10-20', u'2014-10-22', u'2014-10-29', u'2014-10-30', u'2014-11-05', u'2014-11-19', u'2014-11-24', u'2014-11-25', u'2014-11-26', u'2014-11-27', u'2014-12-03', u'2014-12-04', u'2014-12-05', u'2014-12-08', u'2014-12-10', u'2015-01-21', u'2015-01-26', u'2015-01-28', u'2015-02-02', u'2015-02-02', u'2015-02-04', u'2015-02-04', u'2015-02-06', u'2015-02-16', u'2015-02-18', u'2015-02-25', u'2015-03-02', u'2015-03-09', u'2015-03-10', u'2015-03-11', u'2015-03-12', u'2015-03-16', u'2015-03-18', u'2015-03-23', u'2015-03-25', u'2015-04-13', u'2015-04-15', u'2015-04-20', u'2015-04-22', u'2015-04-27', u'2015-04-29', u'2015-05-04', u'2015-05-05', u'2015-05-06', u'2015-05-07', u'2015-05-11', u'2015-05-13', u'2015-05-18', u'2015-05-20', u'2015-05-22', u'2015-05-22', u'2015-05-27', u'2015-06-01', u'2015-06-01', u'2015-06-02', u'2015-06-03', u'2015-06-05', u'2015-06-10', u'2015-06-15'],
'EyE':[u'2014-11-05', u'2014-11-12'],
'HBK':[u'2015-05-04', u'2015-05-05', u'2015-05-12', u'2015-05-29', u'2015-06-15'],
'RR':[u'2014-09-22', u'2014-09-22', u'2014-09-24', u'2014-10-06', u'2014-10-15', u'2014-10-20', u'2014-10-22', u'2014-10-29', u'2014-10-30', u'2014-11-12', u'2014-11-17', u'2014-11-24', u'2014-11-25', u'2014-11-27', u'2014-12-04', u'2014-12-08', u'2014-12-10', u'2014-12-11', u'2015-01-26', u'2015-01-28', u'2015-02-02', u'2015-02-02', u'2015-02-04', u'2015-02-04', u'2015-02-25', u'2015-03-02', u'2015-03-09', u'2015-03-10', u'2015-03-12', u'2015-03-16', u'2015-03-18', u'2015-03-25', u'2015-04-13', u'2015-04-15', u'2015-04-20', u'2015-04-27', u'2015-04-29', u'2015-04-29', u'2015-05-04', u'2015-05-05', u'2015-05-06', u'2015-05-07', u'2015-05-13', u'2015-05-18', u'2015-05-22', u'2015-05-22', u'2015-05-27', u'2015-06-01', u'2015-06-01', u'2015-06-03', u'2015-06-05', u'2015-06-15'],
'SPJ':[u'2014-10-07', u'2014-10-08', u'2014-10-08', u'2014-10-09', u'2014-10-14', u'2014-10-15', u'2014-10-16', u'2015-05-21', u'2015-05-21'],
'RM':[u'2014-09-15', u'2014-09-17', u'2014-09-24', u'2014-10-06', u'2014-10-08', u'2014-10-09', u'2014-10-15', u'2014-10-20', u'2014-10-22', u'2014-11-03', u'2014-11-05', u'2014-11-06', u'2014-11-12', u'2014-11-17', u'2014-11-19', u'2014-11-26', u'2014-11-28', u'2014-12-03', u'2014-12-04', u'2014-12-10', u'2014-12-12', u'2014-12-12', u'2014-12-15', u'2015-01-23', u'2015-01-30', u'2015-02-02', u'2015-02-16', u'2015-02-18', u'2015-02-25', u'2015-03-02', u'2015-03-03', u'2015-03-04', u'2015-03-09', u'2015-03-10', u'2015-03-11', u'2015-03-12', u'2015-03-16', u'2015-03-18', u'2015-03-23', u'2015-04-13', u'2015-04-15', u'2015-04-20', u'2015-04-22', u'2015-04-27', u'2015-04-29', u'2015-05-04', u'2015-05-06', u'2015-05-07', u'2015-05-11', u'2015-05-13', u'2015-05-18', u'2015-05-20', u'2015-05-20', u'2015-05-27', u'2015-05-28', u'2015-06-01', u'2015-06-02', u'2015-06-03', u'2015-06-05', u'2015-06-15', u'2015-06-30', u'2015-06-30'],
'2010':[u'2014-09-11'],
'VilB':[u'2014-09-16', u'2014-09-17', u'2014-09-18', u'2014-09-22', u'2014-09-23', u'2014-09-23', u'2014-09-24', u'2014-10-01', u'2014-10-06', u'2014-10-06', u'2014-10-14', u'2014-10-15', u'2014-10-16', u'2014-10-20', u'2014-10-20', u'2014-10-20', u'2014-10-21', u'2014-10-22', u'2014-10-23', u'2014-10-29', u'2014-10-29', u'2014-11-03', u'2014-11-04', u'2014-11-05', u'2014-11-06', u'2014-11-11', u'2014-11-12', u'2014-11-13', u'2014-11-17', u'2014-11-21', u'2014-11-24', u'2014-11-24', u'2014-11-25', u'2014-11-25', u'2014-11-26', u'2014-11-28', u'2014-12-03', u'2014-12-04', u'2014-12-05', u'2014-12-08', u'2014-12-10', u'2014-12-11', u'2014-12-11', u'2014-12-11', u'2014-12-12', u'2014-12-15', u'2015-01-21', u'2015-01-22', u'2015-01-22', u'2015-01-26', u'2015-02-02', u'2015-02-03', u'2015-02-05', u'2015-02-17', u'2015-02-18', u'2015-02-24', u'2015-02-25', u'2015-03-02', u'2015-03-03', u'2015-03-09', u'2015-03-10', u'2015-03-11', u'2015-03-12', u'2015-03-19', u'2015-03-24', u'2015-03-26', u'2015-03-26', u'2015-04-13', u'2015-04-14', u'2015-04-16', u'2015-04-21', u'2015-04-22', u'2015-05-05', u'2015-05-06', u'2015-05-07', u'2015-05-18', u'2015-05-19', u'2015-05-21', u'2015-05-28', u'2015-05-29', u'2015-06-03', u'2015-06-04', u'2015-06-05', u'2015-06-09', u'2015-06-11', u'2015-06-15', u'2015-06-25', u'2015-06-30', u'2015-07-02', u'2015-07-03'],
'OPCAT':[u'2014-11-18', u'2015-02-24', u'2015-03-03', u'2015-03-09', u'2015-03-09', u'2015-03-12', u'2015-03-12', u'2015-03-12', u'2015-03-19', u'2015-05-06', u'2015-05-19'],
'Hvammsvirkjun':[u'2014-11-27'],
'BÁ':[u'2014-09-15', u'2014-09-16', u'2014-09-17', u'2014-09-18', u'2014-09-23', u'2014-09-24', u'2014-10-01', u'2014-10-06', u'2014-10-06', u'2014-10-14', u'2014-10-15', u'2014-10-16', u'2014-10-20', u'2014-10-21', u'2014-10-22', u'2014-10-23', u'2014-10-29', u'2014-10-29', u'2014-11-03', u'2014-11-04', u'2014-11-05', u'2014-11-11', u'2014-11-12', u'2014-11-13', u'2014-11-17', u'2014-11-18', u'2014-11-19', u'2014-11-19', u'2014-11-25', u'2014-11-26', u'2014-11-28', u'2014-12-04', u'2014-12-11', u'2014-12-11', u'2014-12-11', u'2014-12-12', u'2014-12-12', u'2014-12-15', u'2014-12-15', u'2015-01-21', u'2015-01-22', u'2015-02-03', u'2015-02-04', u'2015-02-05', u'2015-02-06', u'2015-02-16', u'2015-02-17', u'2015-02-18', u'2015-02-24', u'2015-02-25', u'2015-03-02', u'2015-03-03', u'2015-03-03', u'2015-03-09', u'2015-03-10', u'2015-03-10', u'2015-03-11', u'2015-03-12', u'2015-03-12', u'2015-03-17', u'2015-03-19', u'2015-03-23', u'2015-03-23', u'2015-03-24', u'2015-03-26', u'2015-04-14', u'2015-04-15', u'2015-04-16', u'2015-04-20', u'2015-04-21', u'2015-04-22', u'2015-04-22', u'2015-04-29', u'2015-05-04', u'2015-05-05', u'2015-05-06', u'2015-05-06', u'2015-05-07', u'2015-05-07', u'2015-05-11', u'2015-05-13', u'2015-05-18', u'2015-05-19', u'2015-05-20', u'2015-05-20', u'2015-05-21', u'2015-05-22', u'2015-05-27', u'2015-05-28', u'2015-05-29', u'2015-06-01', u'2015-06-03', u'2015-06-03', u'2015-06-04', u'2015-06-05', u'2015-06-05', u'2015-06-09', u'2015-06-11', u'2015-06-15', u'2015-06-18', u'2015-06-24', u'2015-06-25', u'2015-06-30', u'2015-06-30', u'2015-06-30', u'2015-07-02', u'2015-07-03'],
'KJak':[u'2014-09-16', u'2014-09-18', u'2014-09-22', u'2014-09-23', u'2014-09-23', u'2014-09-24', u'2014-10-01', u'2014-10-06', u'2014-10-14', u'2014-10-21', u'2014-10-23', u'2014-10-29', u'2014-10-29', u'2014-11-04', u'2014-11-11', u'2014-11-13', u'2014-11-18', u'2014-11-25', u'2014-12-11', u'2014-12-11', u'2014-12-15', u'2015-01-22', u'2015-02-03', u'2015-02-05', u'2015-02-17', u'2015-02-24', u'2015-02-25', u'2015-03-03', u'2015-03-10', u'2015-03-12', u'2015-03-17', u'2015-03-19', u'2015-03-24', u'2015-03-26', u'2015-04-14', u'2015-04-16', u'2015-04-21', u'2015-04-22', u'2015-05-05', u'2015-05-06', u'2015-05-07', u'2015-05-11', u'2015-05-13', u'2015-05-18', u'2015-05-19', u'2015-05-21', u'2015-05-28', u'2015-05-29', u'2015-06-03', u'2015-06-04', u'2015-06-05', u'2015-06-09', u'2015-06-11', u'2015-06-15', u'2015-06-24', u'2015-06-25', u'2015-06-30', u'2015-07-02', u'2015-07-03'],
'ónúmeruð':[u'2015-06-24'],
'Hagavatnsvirkjun':[u'2014-11-11'],
'IngÓ':[u'2015-03-24', u'2015-03-25', u'2015-05-13', u'2015-05-18'],
'HöskÞ':[u'2014-09-15', u'2014-09-17', u'2014-10-06', u'2014-10-08', u'2014-10-09', u'2014-10-15', u'2014-10-20', u'2014-11-03', u'2014-11-05', u'2014-11-06', u'2014-11-12', u'2014-11-17', u'2014-11-19', u'2014-11-26', u'2014-11-28', u'2014-12-04', u'2014-12-08', u'2014-12-08', u'2014-12-10', u'2014-12-11', u'2014-12-12', u'2014-12-12', u'2014-12-15', u'2015-01-30', u'2015-02-02', u'2015-02-04', u'2015-02-06', u'2015-02-16', u'2015-02-18', u'2015-03-03', u'2015-03-04', u'2015-03-09', u'2015-03-10', u'2015-03-11', u'2015-03-12', u'2015-03-16', u'2015-03-23', u'2015-03-23', u'2015-04-13', u'2015-04-20', u'2015-04-22', u'2015-04-27', u'2015-04-29', u'2015-05-04', u'2015-05-06', u'2015-05-07', u'2015-05-11', u'2015-05-13', u'2015-05-18', u'2015-05-20', u'2015-05-20', u'2015-05-22', u'2015-05-27', u'2015-06-01', u'2015-06-02', u'2015-06-03', u'2015-06-05', u'2015-06-15', u'2015-06-18', u'2015-06-30', u'2015-06-30'],
'OH':[u'2014-09-15', u'2014-09-17', u'2014-09-19', u'2014-09-22', u'2014-09-24', u'2014-09-26', u'2014-10-07', u'2014-10-08', u'2014-10-14', u'2014-10-15', u'2014-10-17', u'2014-10-20', u'2014-10-22', u'2014-10-24', u'2014-10-29', u'2014-11-03', u'2014-11-05', u'2014-11-07', u'2014-11-12', u'2014-11-14', u'2014-11-17', u'2014-11-17', u'2014-11-19', u'2014-11-24', u'2014-11-26', u'2014-11-27', u'2014-11-29', u'2014-12-05', u'2014-12-05', u'2014-12-08', u'2014-12-10', u'2014-12-12', u'2014-12-12', u'2014-12-12', u'2014-12-13', u'2014-12-15', u'2015-01-21', u'2015-01-22', u'2015-01-26', u'2015-01-28', u'2015-02-06', u'2015-02-16', u'2015-02-18', u'2015-02-25', u'2015-03-02', u'2015-03-09', u'2015-03-09', u'2015-03-10', u'2015-03-11', u'2015-03-11', u'2015-03-16', u'2015-03-23', u'2015-04-13', u'2015-04-22', u'2015-04-27', u'2015-04-28', u'2015-04-29', u'2015-05-04', u'2015-05-06', u'2015-05-07', u'2015-05-11', u'2015-05-13', u'2015-05-18', u'2015-05-20', u'2015-05-20', u'2015-05-26', u'2015-05-27', u'2015-05-29', u'2015-06-02', u'2015-06-03', u'2015-06-05', u'2015-06-10', u'2015-06-11', u'2015-06-15', u'2015-06-16'],
'EldÁ':[u'2015-05-29', u'2015-06-02', u'2015-06-03', u'2015-06-04', u'2015-06-05', u'2015-06-09', u'2015-06-11', u'2015-06-11', u'2015-06-12', u'2015-06-16', u'2015-06-23', u'2015-06-23', u'2015-06-24', u'2015-07-01'],
'PHB':[u'2014-09-11', u'2014-09-17', u'2014-09-18', u'2014-09-22', u'2014-09-23', u'2014-09-23', u'2014-09-24', u'2014-09-25', u'2014-10-06', u'2014-10-07', u'2014-10-08', u'2014-10-14', u'2014-10-15', u'2014-10-16', u'2014-10-20', u'2014-10-20', u'2014-10-21', u'2014-10-22', u'2014-10-29', u'2014-10-29', u'2014-10-30', u'2014-10-30', u'2014-11-03', u'2014-11-03', u'2014-11-05', u'2014-11-06', u'2014-11-11', u'2014-11-12', u'2014-11-13', u'2014-11-17', u'2014-11-18', u'2014-11-19', u'2014-11-20', u'2014-11-21', u'2014-11-24', u'2014-11-24', u'2014-11-25', u'2014-11-25', u'2014-11-26', u'2014-11-27', u'2014-11-28', u'2014-12-02', u'2014-12-03', u'2014-12-03', u'2014-12-04', u'2014-12-05', u'2014-12-08', u'2014-12-10', u'2014-12-11', u'2014-12-11', u'2014-12-12', u'2015-01-20', u'2015-01-22', u'2015-01-26', u'2015-02-02', u'2015-02-05', u'2015-02-17', u'2015-02-18', u'2015-02-24', u'2015-02-24', u'2015-02-25', u'2015-02-26', u'2015-03-02', u'2015-03-03', u'2015-03-10', u'2015-03-11', u'2015-03-11', u'2015-03-12', u'2015-03-17', u'2015-03-26', u'2015-04-13', u'2015-04-14', u'2015-05-06', u'2015-05-12', u'2015-05-18', u'2015-05-26'],
'BVG':[u'2014-10-15', u'2014-10-20', u'2014-10-22', u'2014-10-23', u'2014-10-29', u'2014-10-30', u'2015-01-22', u'2015-01-26'],
'GuðbH':[u'2014-09-10', u'2014-09-15', u'2014-09-16', u'2014-09-17', u'2014-09-17', u'2014-09-18', u'2014-09-22', u'2014-09-23', u'2014-09-24', u'2014-09-25', u'2014-10-06', u'2014-10-07', u'2014-10-08', u'2014-10-09', u'2014-10-15', u'2014-10-20', u'2014-10-21', u'2014-10-22', u'2014-10-22', u'2014-10-23', u'2014-10-29', u'2014-11-04', u'2014-11-05', u'2014-11-06', u'2014-11-11', u'2014-11-12', u'2014-11-13', u'2014-11-17', u'2014-11-18', u'2014-11-19', u'2014-11-20', u'2014-11-24', u'2014-11-24', u'2014-11-25', u'2014-11-25', u'2014-11-26', u'2014-11-27', u'2014-11-27', u'2014-12-03', u'2014-12-04', u'2014-12-04', u'2014-12-05', u'2014-12-08', u'2014-12-10', u'2014-12-10', u'2014-12-10', u'2014-12-11', u'2014-12-12', u'2014-12-15', u'2015-01-21', u'2015-01-22', u'2015-01-27', u'2015-01-28', u'2015-01-29', u'2015-02-02', u'2015-02-02', u'2015-02-03', u'2015-02-04', u'2015-02-04', u'2015-02-06', u'2015-02-16', u'2015-02-17', u'2015-02-18', u'2015-02-18', u'2015-02-18', u'2015-02-24', u'2015-02-25', u'2015-02-26', u'2015-02-27', u'2015-03-02', u'2015-03-03', u'2015-03-04', u'2015-03-05', u'2015-03-10', u'2015-03-11', u'2015-03-12', u'2015-03-12', u'2015-03-16', u'2015-03-18', u'2015-03-19', u'2015-03-24', u'2015-03-25', u'2015-03-26', u'2015-04-13', u'2015-04-14', u'2015-04-15', u'2015-04-20', u'2015-04-21', u'2015-04-22', u'2015-04-22', u'2015-04-27', u'2015-04-28', u'2015-04-29', u'2015-04-30', u'2015-05-05', u'2015-05-05', u'2015-05-06', u'2015-05-06', u'2015-05-07', u'2015-05-08', u'2015-05-13', u'2015-05-15', u'2015-05-18', u'2015-05-19', u'2015-05-19', u'2015-05-20', u'2015-05-21', u'2015-05-22', u'2015-05-22', u'2015-05-26', u'2015-05-27', u'2015-05-28', u'2015-06-01', u'2015-06-01', u'2015-06-02', u'2015-06-02', u'2015-06-03', u'2015-06-04', u'2015-06-05', u'2015-06-05', u'2015-06-11', u'2015-06-12', u'2015-06-13', u'2015-06-15'],
'OddO':[u'2014-10-15', u'2014-10-16', u'2014-10-20', u'2014-10-20', u'2014-10-21', u'2014-10-22'],
'SÞÁ':[u'2014-09-10', u'2014-09-15', u'2014-09-17', u'2014-09-22', u'2014-09-24', u'2014-10-06', u'2014-10-08', u'2014-10-15', u'2014-10-20', u'2014-10-22', u'2014-10-30', u'2014-11-05', u'2014-11-12', u'2014-11-17', u'2014-11-18', u'2014-11-19', u'2014-11-24', u'2014-11-25', u'2014-11-26', u'2014-11-27', u'2014-12-03', u'2014-12-04', u'2014-12-05', u'2014-12-08', u'2014-12-10', u'2014-12-11', u'2015-01-21', u'2015-01-26', u'2015-01-28', u'2015-02-02', u'2015-02-02', u'2015-02-04', u'2015-02-04', u'2015-02-06', u'2015-02-16', u'2015-02-18', u'2015-02-25', u'2015-03-02', u'2015-03-03', u'2015-03-04', u'2015-03-09', u'2015-03-10', u'2015-03-11', u'2015-03-12', u'2015-03-16', u'2015-03-18', u'2015-03-23', u'2015-03-25', u'2015-04-13', u'2015-04-15', u'2015-04-20', u'2015-04-22', u'2015-04-27', u'2015-04-29', u'2015-05-04', u'2015-05-05', u'2015-05-06', u'2015-05-06', u'2015-05-07', u'2015-05-11', u'2015-05-13', u'2015-05-18', u'2015-05-20', u'2015-05-22', u'2015-05-22', u'2015-05-28', u'2015-05-29', u'2015-06-01', u'2015-06-01', u'2015-06-02', u'2015-06-03', u'2015-06-05', u'2015-06-09', u'2015-06-10', u'2015-06-15'],
'VigH':[u'2014-09-15', u'2014-09-17', u'2014-09-19', u'2014-09-22', u'2014-09-24', u'2014-09-26', u'2014-10-06', u'2014-10-07', u'2014-10-08', u'2014-10-14', u'2014-10-17', u'2014-10-24', u'2014-11-03', u'2014-11-05', u'2014-11-07', u'2014-11-12', u'2014-11-14', u'2014-11-17', u'2014-11-17', u'2014-11-19', u'2014-11-24', u'2014-11-26', u'2014-11-27', u'2014-11-29', u'2014-12-05', u'2014-12-05', u'2014-12-08', u'2014-12-10', u'2014-12-12', u'2014-12-12', u'2014-12-12', u'2014-12-13', u'2014-12-15', u'2015-01-21', u'2015-01-22', u'2015-01-23', u'2015-01-23', u'2015-01-26', u'2015-01-28', u'2015-02-16', u'2015-02-17', u'2015-02-18', u'2015-02-24', u'2015-02-24', u'2015-02-26', u'2015-03-03', u'2015-03-09', u'2015-03-09', u'2015-03-10', u'2015-03-10', u'2015-03-11', u'2015-03-16', u'2015-03-17', u'2015-03-23', u'2015-04-13', u'2015-04-14', u'2015-04-15', u'2015-04-20', u'2015-04-22', u'2015-04-27', u'2015-04-29', u'2015-04-30', u'2015-05-04', u'2015-05-05', u'2015-05-06', u'2015-05-06', u'2015-05-07', u'2015-05-08', u'2015-05-11', u'2015-05-12', u'2015-05-13', u'2015-05-18', u'2015-05-18', u'2015-05-19', u'2015-05-20', u'2015-05-20', u'2015-05-21', u'2015-05-21', u'2015-05-26', u'2015-05-26', u'2015-05-27', u'2015-05-27', u'2015-05-29', u'2015-06-01', u'2015-06-02', u'2015-06-03', u'2015-06-05', u'2015-06-10', u'2015-06-11', u'2015-06-15'],
'UBK':[u'2014-09-15', u'2014-09-16', u'2014-09-17', u'2014-09-17', u'2014-09-18', u'2014-09-19', u'2014-09-22', u'2014-09-22', u'2014-09-23', u'2014-09-24', u'2014-09-25', u'2014-10-06', u'2014-10-07', u'2014-10-08', u'2014-10-09', u'2014-10-15', u'2014-10-16', u'2014-10-20', u'2014-10-20', u'2014-10-21', u'2014-10-22', u'2014-10-29', u'2014-10-29', u'2014-10-30', u'2014-11-03', u'2014-11-04', u'2014-11-05', u'2014-11-06', u'2014-11-06', u'2014-11-07', u'2014-11-11', u'2014-11-12', u'2014-11-13', u'2014-11-17', u'2014-11-17', u'2014-11-18', u'2014-11-19', u'2014-11-19', u'2014-11-19', u'2014-11-20', u'2014-11-21', u'2014-11-24', u'2014-11-24', u'2014-11-25', u'2014-11-25', u'2014-11-26', u'2014-11-27', u'2014-11-28', u'2014-12-02', u'2014-12-03', u'2014-12-04', u'2014-12-04', u'2014-12-04', u'2014-12-05', u'2014-12-08', u'2014-12-10', u'2014-12-10', u'2014-12-10', u'2014-12-11', u'2014-12-11', u'2014-12-12', u'2014-12-12', u'2014-12-15', u'2014-12-15', u'2015-01-21', u'2015-01-22', u'2015-02-05', u'2015-02-17', u'2015-02-18', u'2015-02-24', u'2015-02-25', u'2015-02-26', u'2015-02-27', u'2015-03-02', u'2015-03-03', u'2015-03-05', u'2015-03-09', u'2015-03-10', u'2015-03-11', u'2015-03-12', u'2015-03-19', u'2015-03-24', u'2015-04-13', u'2015-04-14', u'2015-04-21', u'2015-04-28', u'2015-04-29', u'2015-04-30', u'2015-05-04', u'2015-05-05', u'2015-05-06', u'2015-05-07', u'2015-05-08', u'2015-05-12', u'2015-05-15', u'2015-05-18', u'2015-05-19', u'2015-05-19', u'2015-05-21', u'2015-05-26', u'2015-05-28', u'2015-06-02', u'2015-06-04', u'2015-06-05', u'2015-06-09', u'2015-06-11', u'2015-06-12', u'2015-06-13', u'2015-06-25'],
'BirgJ':[u'2014-09-11', u'2014-09-18', u'2014-09-23', u'2014-10-06', u'2014-10-06', u'2014-10-07', u'2014-10-09', u'2014-10-14', u'2014-10-16', u'2014-10-21', u'2014-10-29', u'2014-10-29', u'2014-11-03', u'2014-11-04', u'2014-11-06', u'2014-11-11', u'2014-11-24', u'2014-11-25', u'2014-11-27', u'2014-12-02', u'2014-12-04', u'2015-01-20', u'2015-01-22', u'2015-01-23', u'2015-01-23', u'2015-02-03', u'2015-02-05', u'2015-02-05', u'2015-02-17', u'2015-02-17', u'2015-02-24', u'2015-02-24', u'2015-02-24', u'2015-02-26', u'2015-02-27', u'2015-03-03', u'2015-03-09', u'2015-03-10', u'2015-03-11', u'2015-03-12', u'2015-03-17', u'2015-03-17', u'2015-03-19', u'2015-04-14', u'2015-04-14', u'2015-04-16', u'2015-04-30', u'2015-05-06', u'2015-05-07', u'2015-05-08', u'2015-05-18', u'2015-05-19', u'2015-05-19', u'2015-05-21', u'2015-05-26', u'2015-05-27', u'2015-05-28', u'2015-06-05', u'2015-06-09', u'2015-06-15', u'2015-06-24', u'2015-07-03'],
'þriðji orkupakkinn':[u'2014-10-23', u'2014-10-29', u'2014-11-13', u'2014-11-18', u'2014-11-20', u'2014-11-27', u'2014-12-11', u'2014-12-11', u'2014-12-15', u'2015-03-12', u'2015-06-25'],
'ný heildarlög':[u'2015-03-19'],
'ÁPÁ':[u'2014-09-17', u'2014-09-22', u'2014-09-23', u'2014-09-24', u'2014-10-06', u'2014-10-08', u'2014-10-15', u'2014-10-20', u'2014-10-20', u'2014-10-22', u'2014-10-29', u'2014-10-30', u'2014-11-03', u'2014-11-05', u'2014-11-12', u'2014-11-17', u'2014-11-19', u'2014-11-21', u'2014-11-24', u'2014-11-24', u'2014-11-25', u'2014-11-26', u'2014-11-28', u'2014-12-03', u'2014-12-04', u'2014-12-05', u'2014-12-08', u'2014-12-11', u'2014-12-12', u'2015-01-21', u'2015-01-26', u'2015-02-02', u'2015-02-18', u'2015-02-25', u'2015-03-02', u'2015-03-09', u'2015-03-11', u'2015-04-13'],
'fjarfundur':[u'2014-10-17', u'2014-10-17', u'2014-10-17', u'2014-10-20', u'2014-10-20', u'2014-10-20'],
'GÞÞ':[u'2014-09-15', u'2014-09-16', u'2014-09-17', u'2014-09-18', u'2014-09-19', u'2014-09-22', u'2014-09-26', u'2014-10-01', u'2014-10-06', u'2014-10-06', u'2014-10-07', u'2014-10-08', u'2014-10-14', u'2014-10-15', u'2014-10-16', u'2014-10-17', u'2014-10-20', u'2014-10-22', u'2014-10-23', u'2014-10-24', u'2014-10-29', u'2014-10-29', u'2014-11-03', u'2014-11-05', u'2014-11-07', u'2014-11-11', u'2014-11-12', u'2014-11-17', u'2014-11-17', u'2014-11-18', u'2014-11-19', u'2014-11-24', u'2014-11-26', u'2014-11-27', u'2014-11-29', u'2014-12-05', u'2014-12-05', u'2014-12-08', u'2014-12-10', u'2014-12-12', u'2014-12-12', u'2014-12-12', u'2014-12-12', u'2014-12-13', u'2014-12-15', u'2015-01-21', u'2015-02-06', u'2015-02-16', u'2015-02-18', u'2015-02-25', u'2015-03-02', u'2015-03-09', u'2015-03-10', u'2015-03-11', u'2015-03-11', u'2015-03-23', u'2015-04-22', u'2015-04-27', u'2015-04-29', u'2015-05-04', u'2015-05-06', u'2015-05-07', u'2015-05-11', u'2015-05-13', u'2015-05-18', u'2015-05-20', u'2015-05-20', u'2015-05-26', u'2015-05-27', u'2015-05-29', u'2015-06-03', u'2015-06-05', u'2015-06-10', u'2015-06-11', u'2015-06-15', u'2015-06-16'],
'HE':[u'2014-09-15', u'2014-09-17', u'2014-09-24', u'2014-10-06', u'2014-10-08', u'2014-10-09', u'2014-10-15', u'2014-10-20', u'2014-10-21', u'2014-10-22', u'2014-10-29', u'2014-11-03', u'2014-11-04', u'2014-11-05', u'2014-11-06', u'2014-11-12', u'2014-11-14', u'2014-11-17', u'2014-11-19', u'2014-11-19', u'2014-11-26', u'2014-11-28', u'2014-12-03', u'2014-12-03', u'2014-12-04', u'2014-12-10', u'2014-12-11', u'2014-12-12', u'2014-12-12', u'2014-12-15', u'2015-01-21', u'2015-01-28', u'2015-01-30', u'2015-02-02', u'2015-02-06', u'2015-02-16', u'2015-02-17', u'2015-02-18', u'2015-02-24', u'2015-02-24', u'2015-02-25', u'2015-02-26', u'2015-03-02', u'2015-03-03', u'2015-03-04', u'2015-03-09', u'2015-03-09', u'2015-03-10', u'2015-03-10', u'2015-03-11', u'2015-03-12', u'2015-03-16', u'2015-03-18', u'2015-03-23', u'2015-03-23', u'2015-04-13', u'2015-04-15', u'2015-04-20', u'2015-04-22', u'2015-04-29', u'2015-04-30', u'2015-05-04', u'2015-05-06', u'2015-05-07', u'2015-05-11', u'2015-05-13', u'2015-05-15', u'2015-05-18', u'2015-05-19', u'2015-05-20', u'2015-05-20', u'2015-05-27', u'2015-06-01', u'2015-06-02', u'2015-06-03', u'2015-06-05', u'2015-06-10', u'2015-06-15', u'2015-06-18', u'2015-06-30', u'2015-06-30', u'2015-07-01'],
'fyrningarfrestur':[u'2014-12-10', u'2014-12-10'],
'JMS':[u'2014-09-16', u'2014-09-17', u'2014-09-18', u'2014-09-23', u'2014-09-25', u'2014-10-09', u'2014-10-16', u'2014-10-21', u'2014-10-22', u'2014-10-23', u'2014-10-24', u'2014-11-11', u'2014-11-13', u'2014-11-18', u'2014-11-24', u'2014-11-25', u'2014-11-27', u'2014-12-02', u'2014-12-04', u'2014-12-08', u'2014-12-10', u'2014-12-10', u'2014-12-11', u'2014-12-11', u'2014-12-12', u'2014-12-15', u'2015-01-22', u'2015-01-27', u'2015-02-03', u'2015-02-05', u'2015-02-17', u'2015-02-18', u'2015-02-24', u'2015-02-26', u'2015-02-27', u'2015-03-03', u'2015-03-05', u'2015-03-09', u'2015-03-10', u'2015-03-12', u'2015-03-19', u'2015-04-14', u'2015-04-21', u'2015-04-22', u'2015-04-28', u'2015-04-29', u'2015-04-30', u'2015-05-04', u'2015-05-05', u'2015-05-06', u'2015-05-07', u'2015-05-12', u'2015-05-15', u'2015-05-18', u'2015-05-19', u'2015-05-19', u'2015-05-21', u'2015-05-26', u'2015-05-28', u'2015-06-02', u'2015-06-04', u'2015-06-05', u'2015-06-09', u'2015-06-11', u'2015-06-12', u'2015-06-13', u'2015-06-16', u'2015-06-25', u'2015-06-29'],
'AME':[u'2014-10-14', u'2014-10-15', u'2014-10-16', u'2015-05-05', u'2015-05-06', u'2015-05-07', u'2015-05-12', u'2015-06-03', u'2015-06-05', u'2015-06-09', u'2015-06-10', u'2015-06-11', u'2015-06-11', u'2015-06-15', u'2015-06-15', u'2015-06-16'],
'flýtimeðferð':[u'2014-12-10', u'2014-12-10'],
'"lekamálið"':[u'2015-04-14'],
'SÁA':[u'2014-12-11', u'2014-12-11', u'2015-01-20', u'2015-01-22', u'2015-01-23', u'2015-01-23', u'2015-01-26', u'2015-02-04', u'2015-02-04', u'2015-02-05', u'2015-02-17', u'2015-02-24', u'2015-02-24', u'2015-02-26', u'2015-03-03', u'2015-03-10', u'2015-03-11', u'2015-03-12', u'2015-03-17', u'2015-03-26', u'2015-04-13', u'2015-04-14', u'2015-05-06', u'2015-05-11', u'2015-05-12', u'2015-05-18', u'2015-05-26', u'2015-06-05', u'2015-06-09', u'2015-06-11'],
'SSv':[u'2014-09-15', u'2014-09-17', u'2014-09-24', u'2014-10-06', u'2014-10-09', u'2014-10-15', u'2014-10-20', u'2014-10-22', u'2014-10-29', u'2014-10-30', u'2014-11-03', u'2014-11-05', u'2014-11-12', u'2014-11-17', u'2014-11-19', u'2014-11-20', u'2014-11-26', u'2014-11-28', u'2014-11-29', u'2014-12-02', u'2014-12-03', u'2014-12-04', u'2014-12-08', u'2014-12-10', u'2014-12-11', u'2014-12-12', u'2014-12-12', u'2014-12-15', u'2015-01-21', u'2015-01-30', u'2015-02-02', u'2015-02-03', u'2015-02-04', u'2015-02-06', u'2015-02-16', u'2015-02-18', u'2015-02-25', u'2015-02-26', u'2015-02-27', u'2015-03-02', u'2015-03-03', u'2015-03-03', u'2015-03-04', u'2015-03-05', u'2015-03-09', u'2015-03-10', u'2015-03-11', u'2015-03-12', u'2015-03-16', u'2015-03-18', u'2015-03-19', u'2015-03-23', u'2015-04-13', u'2015-04-15', u'2015-04-22', u'2015-04-22', u'2015-04-27', u'2015-04-28', u'2015-04-29', u'2015-04-30', u'2015-05-04', u'2015-05-06', u'2015-05-07', u'2015-05-11', u'2015-05-13', u'2015-05-18', u'2015-05-20', u'2015-05-20', u'2015-05-22', u'2015-05-26', u'2015-05-27', u'2015-06-01', u'2015-06-02', u'2015-06-03', u'2015-06-05', u'2015-06-10', u'2015-06-15', u'2015-06-25', u'2015-06-30', u'2015-06-30'],
'HarB':[u'2014-09-16', u'2014-09-17', u'2014-09-19', u'2014-09-22', u'2014-09-23', u'2014-09-24', u'2014-09-25', u'2014-09-26', u'2014-10-06', u'2014-10-07', u'2014-10-07', u'2014-10-08', u'2014-10-09', u'2014-10-10', u'2014-10-14', u'2014-10-14', u'2014-10-15', u'2014-10-17', u'2014-10-20', u'2014-10-21', u'2014-10-22', u'2014-10-23', u'2014-10-24', u'2014-10-28', u'2014-10-29', u'2014-10-30', u'2014-11-03', u'2014-11-04', u'2014-11-05', u'2014-11-06', u'2014-11-07', u'2014-11-07', u'2014-11-11', u'2014-11-12', u'2014-11-13', u'2014-11-14', u'2014-11-14', u'2014-11-17', u'2014-11-17', u'2014-11-18', u'2014-11-19', u'2014-11-20', u'2014-11-24', u'2014-11-25', u'2014-11-26', u'2014-11-26', u'2014-11-27', u'2014-11-27', u'2014-11-29', u'2014-12-02', u'2014-12-04', u'2014-12-05', u'2014-12-08', u'2014-12-09', u'2014-12-11', u'2014-12-11', u'2014-12-12', u'2014-12-12', u'2014-12-12', u'2014-12-13', u'2014-12-15', u'2014-12-15', u'2015-01-07', u'2015-01-21', u'2015-01-26', u'2015-01-27', u'2015-01-28', u'2015-02-18', u'2015-02-25', u'2015-02-26', u'2015-02-27', u'2015-03-03', u'2015-03-06', u'2015-03-09', u'2015-03-10', u'2015-03-11', u'2015-03-16', u'2015-03-17', u'2015-03-19', u'2015-03-26', u'2015-04-13', u'2015-04-15', u'2015-04-16', u'2015-04-17', u'2015-04-21', u'2015-04-24', u'2015-04-27', u'2015-04-28', u'2015-04-30', u'2015-05-05', u'2015-05-06', u'2015-05-06', u'2015-05-07', u'2015-05-07', u'2015-05-11', u'2015-05-12', u'2015-05-13', u'2015-05-15', u'2015-05-18', u'2015-05-18', u'2015-05-19', u'2015-05-20', u'2015-05-20', u'2015-05-21', u'2015-05-26', u'2015-05-26', u'2015-05-27', u'2015-05-28', u'2015-05-29', u'2015-05-29', u'2015-06-01', u'2015-06-01', u'2015-06-02', u'2015-06-02', u'2015-06-03', u'2015-06-03', u'2015-06-04', u'2015-06-05', u'2015-06-05', u'2015-06-09', u'2015-06-10', u'2015-06-11', u'2015-06-11', u'2015-06-12', u'2015-06-15', u'2015-06-16', u'2015-06-16', u'2015-06-16', u'2015-06-23', u'2015-06-24', u'2015-06-26', u'2015-07-01'],
'EB':[u'2015-06-23', u'2015-07-02'],
'BLG':[u'2014-10-09', u'2014-10-14', u'2014-10-16'],
'JÞÓ':[u'2014-09-15', u'2014-09-15', u'2014-09-16', u'2014-09-17', u'2014-09-17', u'2014-09-18', u'2014-09-22', u'2014-09-22', u'2014-09-24', u'2014-09-25', u'2014-10-06', u'2014-10-07', u'2014-10-08', u'2014-10-09', u'2014-10-15', u'2014-10-20', u'2014-10-21', u'2014-10-21', u'2014-10-22', u'2014-10-22', u'2014-10-23', u'2014-10-30', u'2014-10-30', u'2014-11-04', u'2014-11-06', u'2014-11-07', u'2014-11-07', u'2014-11-12', u'2014-11-17', u'2014-12-04', u'2014-12-05', u'2014-12-11', u'2014-12-12', u'2014-12-12', u'2015-01-21', u'2015-01-23', u'2015-01-26', u'2015-02-02', u'2015-02-04', u'2015-02-16', u'2015-02-18', u'2015-02-25', u'2015-03-02', u'2015-03-03', u'2015-03-03', u'2015-03-11', u'2015-04-13', u'2015-04-15', u'2015-04-20', u'2015-04-21', u'2015-04-27', u'2015-04-29', u'2015-05-04', u'2015-05-07', u'2015-05-07', u'2015-05-11', u'2015-05-13', u'2015-05-13', u'2015-05-18', u'2015-05-18', u'2015-05-26', u'2015-05-27', u'2015-06-02', u'2015-06-03', u'2015-06-10', u'2015-06-11', u'2015-06-16', u'2015-06-23', u'2015-06-23', u'2015-06-24', u'2015-06-26'],
'SigrG':[u'2014-09-19'],
'691. mál':[u'2015-04-24'],
'LRM':[u'2014-09-10', u'2014-09-16', u'2014-09-23', u'2014-09-25', u'2014-10-07', u'2014-10-09', u'2014-10-10', u'2014-10-14', u'2014-10-16', u'2014-10-21', u'2014-10-23', u'2014-10-29', u'2014-10-30', u'2014-10-30', u'2014-11-04', u'2014-11-06', u'2014-11-07', u'2014-11-11', u'2014-11-13', u'2014-11-14', u'2014-11-18', u'2014-11-20', u'2014-11-24', u'2014-11-25', u'2014-11-26', u'2014-11-27', u'2014-12-02', u'2014-12-04', u'2014-12-09', u'2014-12-10', u'2014-12-11', u'2014-12-15', u'2015-01-07', u'2015-01-20', u'2015-01-22', u'2015-01-23', u'2015-01-27', u'2015-01-29', u'2015-02-03', u'2015-02-05', u'2015-02-17', u'2015-02-18', u'2015-02-18', u'2015-02-25', u'2015-02-26', u'2015-02-27', u'2015-03-03', u'2015-03-05', u'2015-03-06', u'2015-03-09', u'2015-03-10', u'2015-03-17', u'2015-03-19', u'2015-03-24', u'2015-03-26', u'2015-04-14', u'2015-04-14', u'2015-04-16', u'2015-04-17', u'2015-04-21', u'2015-04-24', u'2015-04-28', u'2015-04-30', u'2015-05-05', u'2015-05-06', u'2015-05-07', u'2015-05-12', u'2015-05-15', u'2015-05-18', u'2015-05-19', u'2015-05-21', u'2015-05-26', u'2015-05-28', u'2015-05-29', u'2015-06-02', u'2015-06-03', u'2015-06-04', u'2015-06-05', u'2015-06-09', u'2015-06-11', u'2015-06-11', u'2015-06-12', u'2015-06-16', u'2015-06-16', u'2015-06-23', u'2015-06-23', u'2015-06-24', u'2015-06-26', u'2015-07-01'],
'KaJúl':[u'2014-09-15', u'2014-09-17', u'2014-09-24', u'2014-10-06', u'2014-10-08', u'2014-10-09', u'2014-10-15', u'2014-10-20', u'2014-10-29', u'2014-11-03', u'2014-11-05', u'2014-11-06', u'2014-11-12', u'2014-11-19', u'2014-11-26', u'2014-11-28', u'2014-12-11', u'2014-12-12', u'2014-12-15', u'2015-01-21', u'2015-02-02', u'2015-02-04', u'2015-02-06', u'2015-02-16', u'2015-02-18', u'2015-02-25', u'2015-02-27', u'2015-03-02', u'2015-03-04', u'2015-03-09', u'2015-03-10', u'2015-03-11', u'2015-03-12', u'2015-03-16', u'2015-03-18', u'2015-03-23', u'2015-04-13', u'2015-04-15', u'2015-04-20', u'2015-04-27', u'2015-04-29', u'2015-05-04', u'2015-05-06', u'2015-05-07', u'2015-05-11', u'2015-05-13', u'2015-05-18', u'2015-05-20', u'2015-05-20', u'2015-05-22', u'2015-05-27', u'2015-06-01', u'2015-06-02', u'2015-06-03', u'2015-06-05', u'2015-06-10', u'2015-06-15', u'2015-06-18', u'2015-06-30', u'2015-06-30'],
'FHB':[u'2015-06-03', u'2015-06-04', u'2015-06-05', u'2015-06-23', u'2015-06-23', u'2015-06-24', u'2015-06-26'],
'FSigurj':[u'2014-09-16', u'2014-09-17', u'2014-09-18', u'2014-09-22', u'2014-09-23', u'2014-09-23', u'2014-09-24', u'2014-10-01', u'2014-10-06', u'2014-10-06', u'2014-10-08', u'2014-10-14', u'2014-10-15', u'2014-10-16', u'2014-10-20', u'2014-10-20', u'2014-10-21', u'2014-10-22', u'2014-10-29', u'2014-10-29', u'2014-10-30', u'2014-11-03', u'2014-11-04', u'2014-11-05', u'2014-11-06', u'2014-11-11', u'2014-11-12', u'2014-11-17', u'2014-11-18', u'2014-11-19', u'2014-11-21', u'2014-11-24', u'2014-11-24', u'2014-11-25', u'2014-11-25', u'2014-11-26', u'2014-11-28', u'2014-12-03', u'2014-12-04', u'2014-12-05', u'2014-12-08', u'2014-12-10', u'2014-12-11', u'2014-12-11', u'2014-12-11', u'2014-12-12', u'2014-12-15', u'2014-12-15', u'2015-01-21', u'2015-01-22', u'2015-01-26', u'2015-02-02', u'2015-02-18', u'2015-02-24', u'2015-02-25', u'2015-03-02', u'2015-03-03', u'2015-03-09', u'2015-03-10', u'2015-03-11', u'2015-03-12', u'2015-03-17', u'2015-03-26', u'2015-04-13', u'2015-04-21', u'2015-04-22', u'2015-05-05', u'2015-05-06', u'2015-05-18', u'2015-05-21', u'2015-06-03', u'2015-06-04', u'2015-06-05', u'2015-06-09', u'2015-06-11', u'2015-06-15', u'2015-06-24', u'2015-06-25', u'2015-07-03'],
'JÁrn':[u'2014-09-23', u'2014-09-25'],
'ÓÞ':[u'2014-09-10', u'2014-09-15', u'2014-09-16', u'2014-09-17', u'2014-09-17', u'2014-09-18', u'2014-09-22', u'2014-09-23', u'2015-01-27', u'2015-01-28', u'2015-01-29'],
'BjÓ':[u'2014-09-15', u'2014-09-16', u'2014-09-17', u'2014-09-22', u'2014-10-06', u'2014-10-07', u'2014-10-08', u'2014-10-09', u'2014-10-10', u'2014-10-16', u'2014-10-20', u'2014-10-21', u'2014-10-22', u'2014-10-23', u'2014-10-28', u'2014-10-29', u'2014-10-29', u'2014-10-30', u'2014-10-30', u'2014-10-30', u'2014-11-04', u'2014-11-05', u'2014-11-06', u'2014-11-07', u'2014-11-11', u'2014-11-12', u'2014-11-13', u'2014-11-14', u'2014-11-17', u'2014-11-18', u'2014-11-19', u'2014-11-24', u'2014-11-24', u'2014-11-25', u'2014-11-25', u'2014-11-26', u'2014-11-26', u'2014-11-27', u'2014-11-27', u'2014-12-02', u'2014-12-03', u'2014-12-05', u'2014-12-08', u'2014-12-09', u'2014-12-10', u'2014-12-10', u'2014-12-10', u'2014-12-11', u'2014-12-11', u'2015-01-20', u'2015-01-21', u'2015-01-22', u'2015-01-23', u'2015-01-26', u'2015-01-27', u'2015-01-28', u'2015-01-29', u'2015-02-03', u'2015-02-04', u'2015-02-04', u'2015-02-05', u'2015-02-06', u'2015-02-16', u'2015-02-17', u'2015-02-25', u'2015-02-26', u'2015-02-27', u'2015-03-02', u'2015-03-03', u'2015-03-04', u'2015-03-05', u'2015-03-06', u'2015-03-09', u'2015-03-09', u'2015-03-10', u'2015-03-11', u'2015-03-16', u'2015-03-17', u'2015-03-18', u'2015-03-19', u'2015-03-23', u'2015-03-24', u'2015-03-25', u'2015-03-26', u'2015-04-13', u'2015-04-14', u'2015-04-16', u'2015-04-17', u'2015-04-21', u'2015-04-22', u'2015-04-24', u'2015-04-27', u'2015-04-28', u'2015-04-29', u'2015-04-30', u'2015-05-04', u'2015-05-05', u'2015-05-05', u'2015-05-06', u'2015-05-07', u'2015-05-07', u'2015-05-11', u'2015-05-12', u'2015-05-13', u'2015-05-15', u'2015-05-18', u'2015-05-18', u'2015-05-19', u'2015-05-20', u'2015-05-21', u'2015-05-22', u'2015-05-22', u'2015-05-26', u'2015-05-27', u'2015-05-28', u'2015-05-29', u'2015-06-01', u'2015-06-01', u'2015-06-02', u'2015-06-03', u'2015-06-03', u'2015-06-05', u'2015-06-05', u'2015-06-09', u'2015-06-10', u'2015-06-11', u'2015-06-11', u'2015-06-12', u'2015-06-15', u'2015-06-16', u'2015-06-23', u'2015-06-23', u'2015-06-24', u'2015-06-26'],
'ÁsmD':[u'2014-09-15', u'2014-09-19', u'2014-09-22', u'2014-09-23', u'2014-09-24', u'2014-09-26', u'2014-10-08', u'2014-10-14', u'2014-10-15', u'2014-10-16', u'2014-10-17', u'2014-10-20', u'2014-10-21', u'2014-10-22', u'2014-10-23', u'2014-10-24', u'2014-10-29', u'2014-10-29', u'2014-11-03', u'2014-11-07', u'2014-11-12', u'2014-11-13', u'2014-11-14', u'2014-11-19', u'2014-11-24', u'2014-11-26', u'2014-11-27', u'2014-11-29', u'2014-12-05', u'2014-12-08', u'2014-12-12', u'2014-12-12', u'2014-12-13', u'2014-12-15', u'2014-12-15', u'2015-01-21', u'2015-01-26', u'2015-02-03', u'2015-02-06', u'2015-02-18', u'2015-02-24', u'2015-02-25', u'2015-03-02', u'2015-03-09', u'2015-03-11', u'2015-03-12', u'2015-03-17', u'2015-03-23', u'2015-04-13', u'2015-04-15', u'2015-04-16', u'2015-04-20', u'2015-04-22', u'2015-04-27', u'2015-05-05', u'2015-05-06', u'2015-05-13', u'2015-05-18', u'2015-05-19', u'2015-05-20', u'2015-05-28', u'2015-06-01', u'2015-06-03', u'2015-06-05', u'2015-06-10', u'2015-06-11', u'2015-06-15', u'2015-06-16', u'2015-06-24', u'2015-06-30', u'2015-07-03'],
'EKG':[u'2015-02-25', u'2015-03-03'],
'ValG':[u'2014-09-15', u'2014-09-17', u'2014-09-19', u'2014-09-26', u'2014-10-06', u'2014-10-07', u'2014-10-08', u'2014-10-14', u'2014-10-20', u'2014-10-22', u'2014-10-24', u'2014-11-05', u'2014-11-07', u'2014-11-12', u'2014-11-14', u'2014-11-17', u'2014-11-17', u'2014-11-19', u'2014-11-24', u'2014-11-26', u'2014-11-27', u'2014-11-29', u'2014-12-05', u'2014-12-05', u'2014-12-08', u'2014-12-10', u'2014-12-12', u'2014-12-12', u'2014-12-12', u'2014-12-15', u'2015-01-21', u'2015-02-06', u'2015-02-16', u'2015-02-18', u'2015-03-02', u'2015-03-16', u'2015-03-23', u'2015-04-13', u'2015-04-15', u'2015-04-20', u'2015-04-22', u'2015-04-29', u'2015-05-04', u'2015-05-06', u'2015-05-07', u'2015-05-11', u'2015-05-18', u'2015-05-19', u'2015-05-20', u'2015-05-20', u'2015-06-01', u'2015-06-02', u'2015-06-03', u'2015-06-05', u'2015-06-10', u'2015-06-11', u'2015-06-15', u'2015-06-16'],
'LGeir':[u'2014-12-04', u'2014-12-08', u'2014-12-10'],
'FG':[u'2015-06-01'],
'ElH':[u'2014-09-10', u'2014-09-15', u'2014-09-22', u'2014-09-24', u'2014-10-08', u'2014-10-09', u'2014-10-15', u'2014-10-20', u'2014-11-03', u'2014-11-05', u'2014-11-06', u'2014-11-11', u'2014-11-12', u'2014-11-17', u'2014-11-18', u'2014-11-19', u'2014-11-25', u'2014-11-26', u'2014-11-28', u'2014-12-04', u'2014-12-11', u'2014-12-11', u'2014-12-11', u'2014-12-12', u'2014-12-12', u'2014-12-15', u'2014-12-15', u'2015-01-21', u'2015-01-22', u'2015-02-02', u'2015-02-03', u'2015-02-04', u'2015-02-06', u'2015-02-24', u'2015-02-25', u'2015-02-25', u'2015-03-02', u'2015-03-03', u'2015-03-03', u'2015-03-09', u'2015-03-10', u'2015-03-10', u'2015-03-11', u'2015-03-12', u'2015-03-16', u'2015-03-18', u'2015-03-19', u'2015-03-23', u'2015-03-23', u'2015-04-13', u'2015-04-14', u'2015-04-16', u'2015-04-20', u'2015-04-22', u'2015-04-27', u'2015-04-29', u'2015-05-05', u'2015-05-06', u'2015-05-06', u'2015-05-07', u'2015-05-07', u'2015-05-11', u'2015-05-13', u'2015-05-18', u'2015-05-18', u'2015-05-20', u'2015-05-20', u'2015-05-21', u'2015-05-27', u'2015-05-29', u'2015-06-01', u'2015-06-04', u'2015-06-05', u'2015-06-05', u'2015-06-09', u'2015-06-15', u'2015-06-15', u'2015-06-18', u'2015-06-30', u'2015-06-30', u'2015-06-30', u'2015-07-02'],
'HallM':[u'2014-09-22', u'2014-09-25', u'2015-02-24', u'2015-02-24', u'2015-02-25', u'2015-02-26', u'2015-02-27', u'2015-02-27', u'2015-03-24', u'2015-03-25', u'2015-03-26'],
'LínS':[u'2014-09-16', u'2014-09-17', u'2014-09-17', u'2014-09-18', u'2014-09-22', u'2014-09-23', u'2014-09-23', u'2014-09-24', u'2014-09-25', u'2014-10-06', u'2014-10-07', u'2014-10-08', u'2014-10-09', u'2014-10-15', u'2014-10-16', u'2014-10-20', u'2014-10-20', u'2014-10-21', u'2014-10-22', u'2014-10-22', u'2014-10-23', u'2014-10-29', u'2014-10-29', u'2014-10-30', u'2014-11-04', u'2014-11-05', u'2014-11-06', u'2014-11-06', u'2014-11-11', u'2014-11-12', u'2014-11-13', u'2014-11-17', u'2014-11-18', u'2014-11-19', u'2014-11-20', u'2014-11-21', u'2014-11-24', u'2014-11-24', u'2014-11-24', u'2014-11-25', u'2014-11-25', u'2014-11-26', u'2014-11-28', u'2014-12-04', u'2014-12-04', u'2014-12-05', u'2014-12-08', u'2014-12-10', u'2014-12-10', u'2014-12-10', u'2014-12-11', u'2014-12-11', u'2014-12-12', u'2014-12-12', u'2014-12-15', u'2015-01-21', u'2015-01-22', u'2015-01-26', u'2015-01-27', u'2015-01-29', u'2015-02-02', u'2015-02-03', u'2015-02-05', u'2015-02-06', u'2015-02-17', u'2015-02-18', u'2015-02-24', u'2015-02-25', u'2015-02-26', u'2015-02-27', u'2015-03-02', u'2015-03-03', u'2015-03-05', u'2015-03-09', u'2015-03-12', u'2015-03-19', u'2015-03-24', u'2015-03-26', u'2015-04-13', u'2015-04-14', u'2015-04-21', u'2015-04-22', u'2015-04-22', u'2015-04-28', u'2015-04-29', u'2015-04-30', u'2015-05-04', u'2015-05-05', u'2015-05-06', u'2015-05-07', u'2015-05-08', u'2015-05-12', u'2015-05-15', u'2015-05-18', u'2015-05-19', u'2015-05-19', u'2015-05-21', u'2015-05-26', u'2015-05-28', u'2015-06-02', u'2015-06-04', u'2015-06-05', u'2015-06-09', u'2015-06-11', u'2015-06-12', u'2015-06-13', u'2015-06-25', u'2015-06-29'],
'VBj':[u'2014-09-18', u'2014-09-25', u'2014-10-07', u'2014-10-09', u'2014-10-14', u'2014-10-16', u'2014-10-21', u'2014-10-29', u'2014-11-03', u'2014-11-04', u'2014-11-06', u'2014-11-11', u'2014-11-13', u'2014-11-14', u'2014-11-18', u'2014-11-24', u'2014-11-25', u'2014-12-04', u'2015-01-21', u'2015-01-22', u'2015-01-23', u'2015-01-23', u'2015-02-05', u'2015-02-17', u'2015-02-24', u'2015-02-24', u'2015-02-26', u'2015-03-03', u'2015-03-11', u'2015-03-12', u'2015-03-12', u'2015-03-19', u'2015-03-25', u'2015-04-14', u'2015-04-16', u'2015-04-22', u'2015-04-29', u'2015-04-30', u'2015-05-05', u'2015-05-06', u'2015-05-08', u'2015-05-18', u'2015-05-19', u'2015-05-21', u'2015-05-21'],
'ÞórE':[u'2014-09-10', u'2014-09-15', u'2014-09-16', u'2014-09-17', u'2014-09-22', u'2014-09-23', u'2014-09-24', u'2014-09-25', u'2014-10-07', u'2014-10-08', u'2014-10-09', u'2014-10-10', u'2014-10-14', u'2014-10-15', u'2014-10-16', u'2014-10-20', u'2014-10-21', u'2014-10-22', u'2014-10-23', u'2014-10-28', u'2014-10-29', u'2014-10-29', u'2014-10-30', u'2014-10-30', u'2014-11-06', u'2014-11-07', u'2014-11-11', u'2014-11-12', u'2014-11-13', u'2014-11-14', u'2014-11-17', u'2014-11-18', u'2014-11-19', u'2014-11-20', u'2014-11-25', u'2014-11-25', u'2014-11-26', u'2014-11-26', u'2014-11-27', u'2014-11-27', u'2014-12-04', u'2014-12-04', u'2014-12-05', u'2014-12-08', u'2014-12-10', u'2014-12-11', u'2014-12-11', u'2014-12-15', u'2015-01-07', u'2015-01-20', u'2015-01-22', u'2015-01-23', u'2015-01-27', u'2015-01-29', u'2015-02-03', u'2015-02-05', u'2015-02-18', u'2015-03-03', u'2015-03-05', u'2015-03-06', u'2015-03-09', u'2015-03-10', u'2015-03-17', u'2015-03-19', u'2015-03-24', u'2015-03-26', u'2015-04-16', u'2015-04-17', u'2015-04-21', u'2015-04-24', u'2015-04-28', u'2015-04-30', u'2015-05-05', u'2015-05-06', u'2015-05-07', u'2015-05-12', u'2015-05-21', u'2015-05-26', u'2015-05-28', u'2015-05-29', u'2015-06-02', u'2015-06-03', u'2015-06-04', u'2015-06-05', u'2015-06-09', u'2015-06-11', u'2015-06-11', u'2015-06-16', u'2015-06-16', u'2015-06-23', u'2015-06-23', u'2015-06-24', u'2015-06-26', u'2015-07-01'],
'ÞorS':[u'2014-09-16', u'2014-09-23', u'2014-09-25', u'2014-10-01', u'2014-10-07', u'2014-10-09', u'2014-10-10', u'2014-10-14', u'2014-10-16', u'2014-10-21', u'2014-10-23', u'2014-10-29', u'2014-10-30', u'2014-11-04', u'2014-11-06', u'2014-11-07', u'2014-11-11', u'2014-11-14', u'2014-11-17', u'2014-11-18', u'2014-11-19', u'2014-11-20', u'2014-11-24', u'2014-11-25', u'2014-11-26', u'2014-11-27', u'2014-12-02', u'2014-12-04', u'2014-12-08', u'2014-12-10', u'2014-12-11', u'2014-12-11', u'2014-12-15', u'2015-01-07', u'2015-01-23', u'2015-01-29', u'2015-02-03', u'2015-02-05', u'2015-02-06', u'2015-02-17', u'2015-02-18', u'2015-02-26', u'2015-02-27', u'2015-03-03', u'2015-03-03', u'2015-03-05', u'2015-03-06', u'2015-03-09', u'2015-03-10', u'2015-03-17', u'2015-03-19', u'2015-03-24', u'2015-03-26', u'2015-04-14', u'2015-04-16', u'2015-04-17', u'2015-04-21', u'2015-04-24', u'2015-04-30', u'2015-05-05', u'2015-05-06', u'2015-05-06', u'2015-05-07', u'2015-05-15', u'2015-05-19', u'2015-05-21', u'2015-05-26', u'2015-05-28', u'2015-06-02', u'2015-06-03', u'2015-06-05', u'2015-06-09', u'2015-06-11', u'2015-06-11', u'2015-06-12', u'2015-06-16', u'2015-06-16', u'2015-06-23', u'2015-06-23', u'2015-06-24', u'2015-06-26', u'2015-07-01'],
'PVB':[u'2014-09-16', u'2014-09-17', u'2014-09-23', u'2014-09-24', u'2014-09-25', u'2014-10-07', u'2014-10-09', u'2014-10-16', u'2014-10-21', u'2014-10-22', u'2014-10-23', u'2014-10-29', u'2014-11-04', u'2014-11-06', u'2014-11-11', u'2014-11-13', u'2014-11-18', u'2014-11-20', u'2014-11-24', u'2014-11-25', u'2014-11-27', u'2014-12-02', u'2014-12-04', u'2014-12-10', u'2014-12-10', u'2014-12-11', u'2014-12-12', u'2014-12-15', u'2015-01-22', u'2015-01-27', u'2015-02-05', u'2015-02-17', u'2015-02-18', u'2015-02-18', u'2015-02-24', u'2015-02-26', u'2015-02-27', u'2015-03-03', u'2015-03-03', u'2015-03-05', u'2015-03-09', u'2015-03-10', u'2015-03-11', u'2015-03-12', u'2015-03-19', u'2015-03-24', u'2015-03-25', u'2015-03-26', u'2015-04-13', u'2015-04-14', u'2015-04-27', u'2015-04-28', u'2015-04-29', u'2015-04-30', u'2015-05-04', u'2015-05-04', u'2015-05-05', u'2015-05-05', u'2015-05-06', u'2015-05-06', u'2015-05-07', u'2015-05-07', u'2015-05-08', u'2015-05-11', u'2015-05-12', u'2015-05-13', u'2015-05-15', u'2015-05-18', u'2015-05-18', u'2015-05-19', u'2015-05-19', u'2015-05-20', u'2015-05-21', u'2015-05-22', u'2015-05-22', u'2015-05-26', u'2015-05-27', u'2015-05-28', u'2015-06-01', u'2015-06-01', u'2015-06-02', u'2015-06-02', u'2015-06-03', u'2015-06-04', u'2015-06-05', u'2015-06-05', u'2015-06-09', u'2015-06-10', u'2015-06-11', u'2015-06-12', u'2015-06-13', u'2015-06-15', u'2015-06-25', u'2015-06-26', u'2015-06-29'],
'ÁstaH':[u'2015-03-02', u'2015-03-03', u'2015-03-03', u'2015-03-05'],
'BSB':[u'2014-09-17', u'2014-09-17'],
'GJÞ':[u'2015-04-20', u'2015-04-21', u'2015-04-22', u'2015-04-27', u'2015-04-28', u'2015-04-29', u'2015-04-30', u'2015-05-04', u'2015-05-04', u'2015-05-05', u'2015-05-06', u'2015-05-06', u'2015-05-07', u'2015-05-07', u'2015-05-08', u'2015-05-11'],
'ÁsF':[u'2014-09-15', u'2014-09-16', u'2014-09-17', u'2014-09-23', u'2014-09-24', u'2014-10-06', u'2014-10-07', u'2014-10-09', u'2014-10-10', u'2014-10-14', u'2014-10-15', u'2014-10-16', u'2014-10-17', u'2014-10-20', u'2014-10-21', u'2014-10-22', u'2014-10-23', u'2014-10-28', u'2014-10-29', u'2014-10-29', u'2014-10-30', u'2014-10-30', u'2014-11-04', u'2014-11-05', u'2014-11-05', u'2014-11-06', u'2014-11-07', u'2014-11-11', u'2014-11-12', u'2014-11-13', u'2014-11-17', u'2014-11-20', u'2014-11-24', u'2014-11-24', u'2014-11-25', u'2014-11-26', u'2014-11-26', u'2014-11-27', u'2014-12-02', u'2014-12-03', u'2014-12-04', u'2014-12-04', u'2014-12-05', u'2014-12-08', u'2014-12-09', u'2014-12-10', u'2014-12-11', u'2014-12-11', u'2014-12-12', u'2014-12-15', u'2015-01-07', u'2015-01-20', u'2015-01-21', u'2015-01-22', u'2015-01-26', u'2015-01-27', u'2015-01-28', u'2015-02-02', u'2015-02-03', u'2015-02-05', u'2015-02-16', u'2015-02-17', u'2015-02-18', u'2015-02-25', u'2015-02-26', u'2015-02-27', u'2015-03-02', u'2015-03-03', u'2015-03-05', u'2015-03-06', u'2015-03-09', u'2015-03-09', u'2015-03-10', u'2015-03-10', u'2015-03-11', u'2015-03-12', u'2015-03-16', u'2015-03-17', u'2015-03-19', u'2015-03-23', u'2015-03-24', u'2015-03-25', u'2015-04-13', u'2015-04-14', u'2015-04-15', u'2015-04-16', u'2015-04-20', u'2015-04-21', u'2015-04-22', u'2015-04-24', u'2015-04-27', u'2015-04-28', u'2015-04-29', u'2015-04-30', u'2015-05-04', u'2015-05-05', u'2015-05-05', u'2015-05-07', u'2015-05-07', u'2015-05-11', u'2015-05-12', u'2015-05-13', u'2015-05-15', u'2015-05-18', u'2015-05-19', u'2015-05-20', u'2015-05-21', u'2015-05-22', u'2015-05-22', u'2015-05-26', u'2015-05-27', u'2015-05-28', u'2015-05-29', u'2015-06-01', u'2015-06-01', u'2015-06-01', u'2015-06-02', u'2015-06-02', u'2015-06-03', u'2015-06-03', u'2015-06-04', u'2015-06-05', u'2015-06-05', u'2015-06-10', u'2015-06-11', u'2015-06-11', u'2015-06-12', u'2015-06-15', u'2015-06-16', u'2015-06-16', u'2015-06-23', u'2015-06-23', u'2015-06-24', u'2015-06-26', u'2015-06-30', u'2015-07-01'],
'JónG':[u'2014-09-16', u'2014-09-23', u'2014-09-25', u'2014-10-07', u'2014-10-09', u'2014-10-10', u'2014-10-14', u'2014-10-16', u'2014-10-23', u'2014-10-28', u'2014-10-29', u'2014-10-30', u'2014-10-30', u'2014-11-04', u'2014-11-06', u'2014-11-07', u'2014-11-11', u'2014-11-13', u'2014-11-14', u'2014-11-18', u'2014-11-24', u'2014-11-25', u'2014-11-26', u'2014-11-27', u'2014-12-02', u'2014-12-04', u'2014-12-09', u'2014-12-10', u'2014-12-11', u'2014-12-11', u'2014-12-15', u'2015-01-07', u'2015-01-20', u'2015-01-22', u'2015-01-23', u'2015-01-27', u'2015-01-29', u'2015-02-03', u'2015-02-05', u'2015-02-17', u'2015-02-18', u'2015-02-26', u'2015-02-27', u'2015-03-03', u'2015-03-05', u'2015-03-06', u'2015-03-09', u'2015-03-10', u'2015-03-17', u'2015-03-19', u'2015-04-14', u'2015-04-16', u'2015-04-17', u'2015-04-21', u'2015-04-24', u'2015-04-28', u'2015-04-30', u'2015-05-05', u'2015-05-06', u'2015-05-07', u'2015-05-12', u'2015-05-15', u'2015-05-18', u'2015-05-19', u'2015-05-21', u'2015-05-26', u'2015-05-28', u'2015-05-29', u'2015-06-02', u'2015-06-03', u'2015-06-04', u'2015-06-05', u'2015-06-09', u'2015-06-11', u'2015-06-11', u'2015-06-12', u'2015-06-16', u'2015-06-16', u'2015-06-23', u'2015-06-23', u'2015-06-24', u'2015-07-01'],
'SAMÚT':[u'2015-01-27', u'2015-01-27'],
'SJS':[u'2014-09-17', u'2014-09-22', u'2014-09-23', u'2014-09-24', u'2014-10-06', u'2014-10-07', u'2014-10-08', u'2014-10-15', u'2014-10-16', u'2014-10-20', u'2014-10-20', u'2014-10-21', u'2014-10-22', u'2014-10-29', u'2014-10-30', u'2014-11-03', u'2014-11-05', u'2014-11-06', u'2014-11-12', u'2014-11-17', u'2014-11-19', u'2014-11-21', u'2014-11-24', u'2014-11-24', u'2014-11-25', u'2014-11-26', u'2014-11-28', u'2014-12-02', u'2014-12-03', u'2014-12-04', u'2014-12-05', u'2014-12-08', u'2014-12-10', u'2014-12-11', u'2014-12-12', u'2014-12-15', u'2015-01-07', u'2015-01-21', u'2015-01-26', u'2015-01-29', u'2015-02-02', u'2015-02-03', u'2015-02-18', u'2015-02-25', u'2015-03-02', u'2015-03-03', u'2015-03-09', u'2015-03-11', u'2015-04-13', u'2015-04-21', u'2015-05-21', u'2015-06-05'],
'ELA':[u'2014-09-16', u'2014-09-17', u'2014-09-18', u'2014-09-23', u'2014-09-25', u'2014-10-09', u'2014-10-16', u'2014-10-22', u'2014-10-23', u'2014-10-29', u'2014-10-30', u'2014-11-04', u'2014-11-06', u'2014-11-11', u'2014-11-13', u'2014-11-18', u'2014-11-20', u'2014-11-24', u'2014-11-25', u'2014-11-27', u'2014-12-02', u'2014-12-04', u'2014-12-10', u'2014-12-10', u'2014-12-11', u'2014-12-12', u'2014-12-15', u'2015-01-21', u'2015-01-28', u'2015-02-02', u'2015-02-02', u'2015-02-03', u'2015-02-04', u'2015-02-04', u'2015-02-05', u'2015-02-06', u'2015-02-16', u'2015-02-24', u'2015-02-25', u'2015-02-26', u'2015-02-27', u'2015-03-03', u'2015-03-04', u'2015-03-05', u'2015-03-09', u'2015-03-09', u'2015-03-10', u'2015-03-10', u'2015-03-11', u'2015-03-12', u'2015-03-12', u'2015-03-16', u'2015-03-18', u'2015-03-19', u'2015-03-23', u'2015-03-24', u'2015-03-25', u'2015-03-26', u'2015-04-13', u'2015-04-15', u'2015-04-20', u'2015-04-21', u'2015-04-22', u'2015-04-22', u'2015-04-27', u'2015-04-28', u'2015-04-29', u'2015-04-29', u'2015-04-30', u'2015-05-04', u'2015-05-04', u'2015-05-05', u'2015-05-05', u'2015-05-06', u'2015-05-11', u'2015-05-12', u'2015-05-13', u'2015-05-15', u'2015-05-18', u'2015-05-18', u'2015-05-19', u'2015-05-19', u'2015-05-20', u'2015-05-21', u'2015-05-22', u'2015-05-22', u'2015-05-27', u'2015-05-28', u'2015-06-01', u'2015-06-01', u'2015-06-02', u'2015-06-02', u'2015-06-03', u'2015-06-04', u'2015-06-05', u'2015-06-05', u'2015-06-09', u'2015-06-10', u'2015-06-11', u'2015-06-12', u'2015-06-13', u'2015-06-15', u'2015-06-25'],
'landsstyrets':[u'2015-03-10'],
'ÖS':[u'2014-09-16', u'2014-09-18', u'2014-10-01', u'2014-10-06', u'2014-10-21', u'2014-10-23', u'2014-10-29', u'2014-11-04', u'2014-11-11', u'2014-11-13', u'2014-12-11', u'2014-12-15', u'2015-02-03', u'2015-03-10', u'2015-03-12', u'2015-03-17', u'2015-03-26', u'2015-04-14', u'2015-04-16', u'2015-05-05', u'2015-05-06', u'2015-05-19', u'2015-05-28', u'2015-05-29', u'2015-06-03', u'2015-06-04', u'2015-06-05', u'2015-06-09', u'2015-06-11', u'2015-06-15', u'2015-06-24', u'2015-06-30'],
'ÁI':[u'2014-10-15', u'2014-10-20', u'2014-10-22'],
'ÖJ':[u'2014-09-15', u'2014-09-18', u'2014-09-19', u'2014-09-23', u'2014-09-25', u'2014-10-07', u'2014-10-09', u'2014-10-14', u'2014-10-16', u'2014-10-21', u'2014-10-29', u'2014-10-30', u'2014-11-03', u'2014-11-04', u'2014-11-06', u'2014-11-13', u'2014-11-18', u'2014-11-20', u'2014-11-24', u'2014-11-25', u'2014-12-02', u'2014-12-03', u'2014-12-04', u'2015-01-20', u'2015-01-22', u'2015-01-23', u'2015-01-23', u'2015-02-03', u'2015-02-17', u'2015-02-24', u'2015-02-24', u'2015-02-26', u'2015-03-03', u'2015-03-09', u'2015-03-10', u'2015-03-11', u'2015-03-12', u'2015-03-12', u'2015-03-17', u'2015-03-19', u'2015-03-26', u'2015-04-14', u'2015-04-16', u'2015-04-30', u'2015-05-05', u'2015-05-06', u'2015-05-12', u'2015-05-26', u'2015-05-27'],
'nr. 7851/2014':[u'2014-10-22'],
'með fyrirvara':[u'2014-11-24', u'2015-01-29', u'2015-02-18', u'2015-03-10', u'2015-03-10', u'2015-03-26', u'2015-03-26', u'2015-04-30', u'2015-04-30', u'2015-05-15', u'2015-05-15', u'2015-05-28', u'2015-06-11', u'2015-06-11'],
'SBS':[u'2014-10-17', u'2015-02-18', u'2015-02-25', u'2015-02-27', u'2015-03-03', u'2015-06-10', u'2015-06-11'],
'KG':[u'2014-09-11', u'2014-09-15', u'2014-09-17', u'2014-09-18', u'2014-09-19', u'2014-09-22', u'2014-09-23', u'2014-09-24', u'2014-09-25', u'2014-09-26', u'2014-10-08', u'2014-10-14', u'2014-10-14', u'2014-10-15', u'2014-10-16', u'2014-10-17', u'2014-10-20', u'2014-10-21', u'2014-10-22', u'2014-10-29', u'2014-10-29', u'2014-10-30', u'2014-11-03', u'2014-11-03', u'2014-11-04', u'2014-11-05', u'2014-11-06', u'2014-11-07', u'2014-11-11', u'2014-11-12', u'2014-11-14', u'2014-11-19', u'2014-11-24', u'2014-11-26', u'2014-11-27', u'2014-11-27', u'2014-11-29', u'2014-12-02', u'2014-12-04', u'2014-12-05', u'2014-12-08', u'2014-12-10', u'2014-12-12', u'2014-12-12', u'2014-12-13', u'2014-12-15', u'2015-01-21', u'2015-01-22', u'2015-01-23', u'2015-01-23', u'2015-02-03', u'2015-02-05', u'2015-02-06', u'2015-02-16', u'2015-02-17', u'2015-02-24', u'2015-02-24', u'2015-02-25', u'2015-02-26', u'2015-03-02', u'2015-03-03', u'2015-03-09', u'2015-03-09', u'2015-03-11', u'2015-03-11', u'2015-03-11', u'2015-03-12', u'2015-03-12', u'2015-03-16', u'2015-03-19', u'2015-03-23', u'2015-04-14', u'2015-04-15', u'2015-04-20', u'2015-04-27', u'2015-04-29', u'2015-04-30', u'2015-05-05', u'2015-05-07', u'2015-05-08', u'2015-05-12', u'2015-05-13', u'2015-05-18', u'2015-05-18', u'2015-05-19', u'2015-05-21', u'2015-05-21', u'2015-05-26', u'2015-05-26', u'2015-05-27', u'2015-05-27', u'2015-05-29', u'2015-06-01', u'2015-06-02', u'2015-06-03', u'2015-06-10', u'2015-06-11', u'2015-06-16'],
'WÞÞ':[u'2014-09-11', u'2014-09-15', u'2014-09-17', u'2014-09-19', u'2014-09-22', u'2014-09-23', u'2014-09-23', u'2014-09-24', u'2014-09-25', u'2014-10-06', u'2014-10-07', u'2014-10-08', u'2014-10-09', u'2014-10-14', u'2014-10-15', u'2014-10-16', u'2014-10-17', u'2014-10-20', u'2014-10-20', u'2014-10-21', u'2014-10-22', u'2014-10-29', u'2014-10-29', u'2014-10-30', u'2014-10-30', u'2014-11-03', u'2014-11-04', u'2014-11-05', u'2014-11-06', u'2014-11-06', u'2014-11-11', u'2014-11-12', u'2014-11-13', u'2014-11-14', u'2014-11-17', u'2014-11-20', u'2014-11-21', u'2014-11-24', u'2014-11-24', u'2014-11-24', u'2014-11-25', u'2014-11-25', u'2014-11-26', u'2014-11-26', u'2014-11-27', u'2014-11-28', u'2014-11-29', u'2014-12-02', u'2014-12-03', u'2014-12-03', u'2014-12-04', u'2014-12-04', u'2014-12-05', u'2014-12-08', u'2014-12-10', u'2014-12-10', u'2014-12-11', u'2014-12-12', u'2015-01-20', u'2015-01-21', u'2015-01-22', u'2015-01-22', u'2015-01-23', u'2015-01-26', u'2015-02-02', u'2015-02-03', u'2015-02-05', u'2015-02-16', u'2015-02-17', u'2015-02-18', u'2015-02-18', u'2015-02-24', u'2015-02-24', u'2015-02-25', u'2015-02-26', u'2015-02-27', u'2015-03-02', u'2015-03-02', u'2015-03-09', u'2015-03-09', u'2015-03-10', u'2015-03-11', u'2015-03-11', u'2015-03-11', u'2015-03-12', u'2015-03-12', u'2015-03-19', u'2015-03-26', u'2015-04-13', u'2015-04-14', u'2015-04-16', u'2015-04-30', u'2015-05-05', u'2015-05-06', u'2015-05-08', u'2015-05-12', u'2015-05-13', u'2015-05-18', u'2015-05-19', u'2015-05-21', u'2015-05-21', u'2015-05-26'],
'ÁMF':[u'2015-02-03', u'2015-04-21'],
'EIS':[u'2014-11-19'],
'SigrM':[u'2014-09-11', u'2014-09-23', u'2014-09-25', u'2014-10-07', u'2014-10-09', u'2014-10-14', u'2014-10-16', u'2014-10-29', u'2014-10-30', u'2014-11-03', u'2014-11-04', u'2014-11-06', u'2014-11-13', u'2014-11-20', u'2014-11-24', u'2014-11-25', u'2014-11-27', u'2014-12-02', u'2014-12-03'],
'SilG':[u'2014-09-16', u'2014-09-23', u'2014-10-01', u'2014-10-06', u'2014-10-14', u'2014-10-21', u'2014-10-23', u'2014-10-29', u'2014-11-11', u'2014-11-13', u'2014-11-17', u'2014-11-18', u'2014-11-19', u'2014-11-25', u'2014-12-11', u'2014-12-15', u'2015-01-22', u'2015-02-03', u'2015-02-05', u'2015-02-17', u'2015-02-18', u'2015-02-24', u'2015-02-25', u'2015-03-03', u'2015-03-03', u'2015-03-10', u'2015-03-17', u'2015-03-19', u'2015-04-14', u'2015-04-20', u'2015-04-21', u'2015-05-05', u'2015-05-18', u'2015-05-19', u'2015-05-28', u'2015-05-29', u'2015-06-03', u'2015-06-04', u'2015-06-05', u'2015-06-09', u'2015-06-11', u'2015-06-15', u'2015-06-25', u'2015-06-30', u'2015-07-03'],
'ÓP':[u'2014-09-18', u'2014-09-23', u'2014-09-25', u'2014-10-01', u'2014-10-06', u'2014-10-14', u'2014-10-16', u'2014-10-21', u'2014-10-23', u'2014-10-29', u'2014-11-04', u'2014-11-06', u'2014-11-11', u'2014-11-13', u'2014-11-18', u'2014-11-29', u'2014-12-11', u'2014-12-15', u'2015-01-22', u'2015-02-03', u'2015-02-05', u'2015-02-17', u'2015-02-24', u'2015-03-03', u'2015-03-10', u'2015-03-12', u'2015-03-17', u'2015-03-19', u'2015-03-26', u'2015-04-14', u'2015-04-16', u'2015-04-21', u'2015-04-22', u'2015-05-05', u'2015-05-06', u'2015-05-07', u'2015-05-18', u'2015-05-19', u'2015-05-21', u'2015-05-28', u'2015-06-03', u'2015-06-04', u'2015-06-05', u'2015-06-09', u'2015-06-11', u'2015-06-15', u'2015-06-25', u'2015-06-25', u'2015-06-30', u'2015-07-02', u'2015-07-03'],
'GStein':[u'2014-09-15', u'2014-09-22', u'2014-09-23', u'2014-09-24', u'2014-10-06', u'2014-10-06', u'2014-10-08', u'2014-10-15', u'2014-10-22', u'2014-10-29', u'2014-10-30', u'2014-11-03', u'2014-11-05', u'2014-11-12', u'2014-11-14', u'2014-11-17', u'2014-11-24', u'2014-11-24', u'2014-11-25', u'2014-11-26', u'2014-11-28', u'2014-12-03', u'2014-12-04', u'2014-12-05', u'2014-12-08', u'2014-12-10', u'2014-12-11', u'2014-12-11', u'2014-12-12', u'2015-01-21', u'2015-01-26', u'2015-02-02', u'2015-02-18', u'2015-02-25', u'2015-03-02', u'2015-03-09', u'2015-03-10', u'2015-03-11', u'2015-04-13', u'2015-05-08', u'2015-05-12'],
'692. mál':[u'2015-06-05'],
'BjG':[u'2014-09-15', u'2014-09-17', u'2014-09-17', u'2014-09-18', u'2014-09-19', u'2014-09-22', u'2014-09-23', u'2014-09-24', u'2014-09-25', u'2014-09-26', u'2014-10-06', u'2014-10-07', u'2014-10-08', u'2014-10-09', u'2014-10-14', u'2014-10-15', u'2014-10-16', u'2014-10-17', u'2014-10-20', u'2014-10-20', u'2014-10-20', u'2014-10-21', u'2014-10-22', u'2014-10-22', u'2014-10-23', u'2014-10-24', u'2014-10-29', u'2014-10-29', u'2014-11-03', u'2014-11-04', u'2014-11-05', u'2014-11-06', u'2014-11-07', u'2014-11-11', u'2014-11-12', u'2014-11-13', u'2014-11-14', u'2014-11-17', u'2014-11-17', u'2014-11-18', u'2014-11-19', u'2014-11-20', u'2014-11-24', u'2014-11-24', u'2014-11-25', u'2014-11-26', u'2014-11-27', u'2014-11-29', u'2014-12-02', u'2014-12-04', u'2014-12-05', u'2014-12-05', u'2014-12-08', u'2014-12-10', u'2014-12-10', u'2014-12-10', u'2014-12-11', u'2014-12-12', u'2014-12-12', u'2014-12-12', u'2014-12-12', u'2014-12-13', u'2014-12-15', u'2014-12-15', u'2015-01-21', u'2015-01-22', u'2015-01-26', u'2015-01-27', u'2015-01-28', u'2015-02-03', u'2015-02-05', u'2015-02-06', u'2015-02-16', u'2015-02-17', u'2015-02-18', u'2015-02-24', u'2015-02-25', u'2015-02-26', u'2015-02-27', u'2015-03-02', u'2015-03-03', u'2015-03-05', u'2015-03-09', u'2015-03-09', u'2015-03-10', u'2015-03-10', u'2015-03-11', u'2015-03-11', u'2015-03-12', u'2015-03-19', u'2015-03-23', u'2015-03-24', u'2015-03-26', u'2015-04-13', u'2015-04-14', u'2015-04-15', u'2015-04-20', u'2015-04-21', u'2015-04-22', u'2015-04-22', u'2015-04-27', u'2015-04-28', u'2015-04-30', u'2015-05-04', u'2015-05-04', u'2015-05-05', u'2015-05-06', u'2015-05-06', u'2015-05-07', u'2015-05-07', u'2015-05-08', u'2015-05-12', u'2015-05-13', u'2015-05-15', u'2015-05-18', u'2015-05-18', u'2015-05-19', u'2015-05-19', u'2015-05-20', u'2015-05-20', u'2015-05-21', u'2015-05-26', u'2015-05-26', u'2015-05-27', u'2015-05-28', u'2015-05-29', u'2015-06-02', u'2015-06-02', u'2015-06-03', u'2015-06-04', u'2015-06-05', u'2015-06-05', u'2015-06-09', u'2015-06-10', u'2015-06-11', u'2015-06-11', u'2015-06-12', u'2015-06-13', u'2015-06-15', u'2015-06-16', u'2015-06-25', u'2015-06-29', u'2015-07-01'],
'SÖÁ':[u'2015-01-21', u'2015-01-23', u'2015-01-26', u'2015-01-27', u'2015-01-28', u'2015-01-29', u'2015-02-03', u'2015-02-05'],
'VilÁ':[u'2014-09-15', u'2014-09-16', u'2014-09-17', u'2014-09-17', u'2014-09-18', u'2014-09-23', u'2014-09-24', u'2014-09-25', u'2014-10-06', u'2014-10-07', u'2014-10-08', u'2014-10-20', u'2014-10-22', u'2014-10-22', u'2014-10-23', u'2014-10-30', u'2014-11-03', u'2014-11-04', u'2014-11-05', u'2014-11-06', u'2014-11-11', u'2014-11-12', u'2014-11-13', u'2014-11-17', u'2014-11-18', u'2014-11-19', u'2014-11-20', u'2014-11-24', u'2014-11-25', u'2014-11-25', u'2014-11-26', u'2014-11-27', u'2014-11-28', u'2014-12-02', u'2014-12-03', u'2014-12-04', u'2014-12-04', u'2014-12-10', u'2014-12-10', u'2014-12-11', u'2014-12-11', u'2014-12-12', u'2014-12-12', u'2014-12-15', u'2014-12-15', u'2015-01-21', u'2015-01-22', u'2015-01-27', u'2015-01-29', u'2015-01-30', u'2015-02-02', u'2015-02-03', u'2015-02-04', u'2015-02-06', u'2015-02-16', u'2015-02-17', u'2015-02-18', u'2015-02-18', u'2015-02-24', u'2015-02-26', u'2015-02-27', u'2015-03-03', u'2015-03-04', u'2015-03-05', u'2015-03-09', u'2015-03-09', u'2015-03-10', u'2015-03-10', u'2015-03-11', u'2015-03-12', u'2015-03-16', u'2015-03-18', u'2015-03-19', u'2015-03-23', u'2015-03-23', u'2015-03-24', u'2015-03-26', u'2015-04-13', u'2015-04-14', u'2015-04-15', u'2015-04-20', u'2015-04-21', u'2015-04-28', u'2015-04-29', u'2015-04-30', u'2015-05-04', u'2015-05-05', u'2015-05-06', u'2015-05-07', u'2015-05-13', u'2015-05-15', u'2015-05-18', u'2015-05-19', u'2015-05-19', u'2015-05-20', u'2015-05-20', u'2015-05-21', u'2015-05-26', u'2015-05-27', u'2015-06-01', u'2015-06-02', u'2015-06-02', u'2015-06-03', u'2015-06-04', u'2015-06-05', u'2015-06-05', u'2015-06-09', u'2015-06-10', u'2015-06-11', u'2015-06-12', u'2015-06-13', u'2015-06-18', u'2015-06-25', u'2015-06-29', u'2015-06-30', u'2015-06-30'],
'KLM':[u'2014-09-16', u'2014-09-25', u'2014-10-07', u'2014-10-09', u'2014-10-10', u'2014-10-21', u'2014-10-28', u'2014-10-29', u'2014-10-30', u'2014-10-30', u'2014-11-04', u'2014-11-06', u'2014-11-07', u'2014-11-11', u'2014-11-13', u'2014-11-14', u'2014-11-20', u'2014-11-24', u'2014-11-25', u'2014-12-04', u'2014-12-10', u'2014-12-11', u'2014-12-15', u'2015-01-07', u'2015-01-20', u'2015-01-22', u'2015-01-23', u'2015-01-27', u'2015-01-29', u'2015-02-03', u'2015-02-05', u'2015-02-18', u'2015-02-25', u'2015-02-26', u'2015-03-03', u'2015-03-03', u'2015-03-05', u'2015-03-06', u'2015-03-09', u'2015-03-10', u'2015-03-17', u'2015-03-19', u'2015-03-24', u'2015-04-14', u'2015-04-16', u'2015-04-17', u'2015-04-21', u'2015-04-24', u'2015-04-28', u'2015-04-30', u'2015-05-05', u'2015-05-06', u'2015-05-06', u'2015-05-07', u'2015-05-12', u'2015-05-18', u'2015-05-19', u'2015-05-21', u'2015-05-26', u'2015-05-28', u'2015-05-29', u'2015-06-02', u'2015-06-04', u'2015-06-05', u'2015-06-09', u'2015-06-11', u'2015-06-11', u'2015-06-12', u'2015-06-16', u'2015-06-16', u'2015-06-23', u'2015-06-23', u'2015-06-24', u'2015-06-26'],
'ESB':[u'2014-10-14', u'2014-10-14', u'2014-10-14', u'2014-10-14', u'2014-10-23', u'2014-10-29', u'2014-11-03', u'2014-11-03', u'2014-11-03', u'2014-11-03', u'2014-11-11', u'2014-11-13', u'2014-11-13', u'2014-11-13', u'2014-11-19', u'2014-11-25', u'2014-12-11', u'2014-12-11', u'2015-01-21', u'2015-01-21', u'2015-01-21', u'2015-01-21', u'2015-01-22', u'2015-01-26', u'2015-01-26', u'2015-02-16', u'2015-02-16', u'2015-03-02', u'2015-03-12', u'2015-03-19', u'2015-06-10', u'2015-06-18', u'2015-06-18', u'2015-06-18', u'2015-06-23', u'2015-06-24', u'2015-06-24', u'2015-06-24', u'2015-07-02'],
'HHj':[u'2014-09-11', u'2014-09-18', u'2014-10-07', u'2014-10-14', u'2014-10-16', u'2014-10-21', u'2014-10-29', u'2014-10-29', u'2014-10-30', u'2014-10-30', u'2014-11-03', u'2014-11-04', u'2014-11-06', u'2014-11-12', u'2014-11-18', u'2014-11-19', u'2014-11-20', u'2014-11-24', u'2014-11-25', u'2014-12-03', u'2014-12-12', u'2015-01-22', u'2015-01-23', u'2015-01-23', u'2015-01-23', u'2015-02-03', u'2015-02-04', u'2015-02-04', u'2015-02-17', u'2015-02-24', u'2015-02-26', u'2015-03-03', u'2015-03-09', u'2015-03-10', u'2015-03-16', u'2015-03-17', u'2015-04-13', u'2015-04-14', u'2015-04-16', u'2015-04-30', u'2015-05-05', u'2015-05-06', u'2015-05-12', u'2015-05-18', u'2015-05-19', u'2015-05-26', u'2015-05-26', u'2015-05-27'],
'ÓBK':[u'2014-10-14', u'2014-10-15', u'2014-10-20', u'2014-10-22'],
'PJP':[u'2014-09-15', u'2014-09-16', u'2014-09-17', u'2014-09-22', u'2014-09-25', u'2014-10-06', u'2014-10-07', u'2014-10-08', u'2014-10-08', u'2014-10-09', u'2014-10-14', u'2014-10-14', u'2014-10-15', u'2014-10-16', u'2014-10-20', u'2014-10-21', u'2014-10-22', u'2014-10-28', u'2014-10-29', u'2014-10-29', u'2014-10-30', u'2014-10-30', u'2014-11-04', u'2014-11-05', u'2014-11-06', u'2014-11-07', u'2014-11-11', u'2014-11-12', u'2014-11-13', u'2014-11-17', u'2014-11-18', u'2014-11-19', u'2014-11-20', u'2014-11-24', u'2014-11-24', u'2014-11-25', u'2014-11-25', u'2014-11-26', u'2014-11-26', u'2014-11-27', u'2014-12-02', u'2014-12-03', u'2014-12-04', u'2014-12-04', u'2014-12-05', u'2014-12-08', u'2014-12-09', u'2014-12-10', u'2014-12-10', u'2014-12-11', u'2014-12-11', u'2014-12-12', u'2014-12-15', u'2015-01-07', u'2015-01-20', u'2015-01-21', u'2015-01-22', u'2015-01-23', u'2015-01-26', u'2015-01-27', u'2015-01-28', u'2015-02-05', u'2015-02-06', u'2015-02-17', u'2015-02-18', u'2015-02-18', u'2015-02-25', u'2015-02-26', u'2015-02-27', u'2015-03-02', u'2015-03-03', u'2015-03-04', u'2015-03-06', u'2015-03-09', u'2015-03-09', u'2015-03-10', u'2015-03-10', u'2015-03-11', u'2015-03-12', u'2015-03-16', u'2015-03-17', u'2015-03-18', u'2015-03-19', u'2015-03-23', u'2015-03-24', u'2015-03-25', u'2015-03-26', u'2015-04-13', u'2015-04-14', u'2015-04-15', u'2015-04-16', u'2015-04-17', u'2015-04-20', u'2015-04-21', u'2015-04-22', u'2015-04-24', u'2015-04-27', u'2015-04-28', u'2015-04-29', u'2015-04-29', u'2015-04-30', u'2015-05-04', u'2015-05-05', u'2015-05-05', u'2015-05-06', u'2015-05-06', u'2015-05-07', u'2015-05-07', u'2015-05-11', u'2015-05-12', u'2015-05-13', u'2015-05-15', u'2015-05-18', u'2015-05-18', u'2015-05-19', u'2015-05-19', u'2015-05-20', u'2015-05-21', u'2015-05-22', u'2015-05-22', u'2015-05-26', u'2015-05-27', u'2015-05-28', u'2015-05-29', u'2015-06-01', u'2015-06-01', u'2015-06-02', u'2015-06-02', u'2015-06-03', u'2015-06-03', u'2015-06-04', u'2015-06-05', u'2015-06-05', u'2015-06-09', u'2015-06-10', u'2015-06-11', u'2015-06-11', u'2015-06-12', u'2015-06-15', u'2015-06-16', u'2015-06-16', u'2015-06-23', u'2015-06-23', u'2015-06-24', u'2015-06-26', u'2015-07-01'],
'HHG':[u'2014-09-10', u'2014-09-15', u'2014-09-16', u'2014-09-17', u'2014-09-18', u'2014-09-22', u'2014-09-25', u'2014-10-06', u'2014-10-06', u'2014-10-09', u'2014-10-14', u'2014-10-16', u'2014-10-16', u'2014-10-20', u'2014-10-22', u'2014-10-23', u'2014-10-29', u'2014-10-30', u'2014-11-04', u'2014-11-05', u'2014-11-06', u'2014-11-06', u'2014-11-11', u'2014-11-13', u'2014-11-17', u'2014-11-18', u'2014-11-19', u'2014-11-20', u'2014-11-24', u'2014-11-25', u'2014-11-26', u'2014-11-27', u'2014-11-28', u'2014-12-02', u'2014-12-04', u'2014-12-08', u'2014-12-10', u'2014-12-10', u'2014-12-11', u'2014-12-12', u'2014-12-15', u'2015-01-21', u'2015-01-22', u'2015-01-26', u'2015-01-27', u'2015-01-30', u'2015-02-03', u'2015-02-04', u'2015-02-05', u'2015-02-06', u'2015-02-17', u'2015-02-18', u'2015-02-18', u'2015-02-24', u'2015-02-25', u'2015-02-26', u'2015-02-27', u'2015-03-02', u'2015-03-03', u'2015-03-09', u'2015-03-09', u'2015-03-10', u'2015-03-12', u'2015-03-19', u'2015-03-24', u'2015-03-25', u'2015-03-26', u'2015-04-13', u'2015-04-14', u'2015-04-15', u'2015-04-20', u'2015-04-21', u'2015-04-22', u'2015-04-28', u'2015-04-29', u'2015-04-30', u'2015-05-04', u'2015-05-04', u'2015-05-05', u'2015-05-06', u'2015-05-06', u'2015-05-07', u'2015-05-12', u'2015-05-15', u'2015-05-18', u'2015-05-19', u'2015-05-19', u'2015-05-21', u'2015-05-26', u'2015-05-28', u'2015-06-02', u'2015-06-04', u'2015-06-05', u'2015-06-09', u'2015-06-11', u'2015-06-12', u'2015-06-13', u'2015-06-25', u'2015-06-26', u'2015-06-29'],
